plot_name,series,position,n,mean,std,q02_5,q25,median,q75,q97_5
n2_entropy_relative_curve,N2P,0.0,122,2.1856021229174734,0.34798830839352285,1.431692630830133,1.9604453332522933,2.2509069492560383,2.449766557795632,2.733441464673116
n2_entropy_relative_curve,N2P,0.00392156862745098,122,0.8779003616640474,0.3432677253742558,0.3460641749789257,0.6508463307401602,0.8424715966395749,1.1097699038259377,1.6582645329876644
n2_entropy_relative_curve,N2P,0.00784313725490196,122,0.7004157254748753,0.3631701223329558,0.12665030754612658,0.3902237571407079,0.6424569959252708,0.9525871701141734,1.386953222448041
n2_entropy_relative_curve,N2P,0.011764705882352941,122,0.6507801716391398,0.3327109248629268,0.13474870362888725,0.40950105199954745,0.6057222775819179,0.857360827883122,1.3894081988814433
n2_entropy_relative_curve,N2P,0.01568627450980392,122,0.6370802293989546,0.3077709053393985,0.19407023047165275,0.3717796181287101,0.6011978467323372,0.8429991383717989,1.1950966307604842
n2_entropy_relative_curve,N2P,0.0196078431372549,122,0.6585452205591197,0.3107925059707221,0.12691899893227077,0.42290825892882067,0.6325468088853599,0.8412233991249765,1.3179355611286159
n2_entropy_relative_curve,N2P,0.023529411764705882,122,0.6968922822606756,0.32556763238933606,0.15311516078240234,0.44370091812905366,0.6958721575267233,0.9068300888666407,1.4562426812278506
n2_entropy_relative_curve,N2P,0.027450980392156862,122,0.6966976700798893,0.30574494500013927,0.2268209100605455,0.45734167075992793,0.6659514481234972,0.8912429677501383,1.2862371424553651
n2_entropy_relative_curve,N2P,0.03137254901960784,122,0.6676490841182006,0.2968984447111233,0.13723140585872565,0.4669927102129079,0.6573167333452948,0.8453282652892519,1.2911931584446714
n2_entropy_relative_curve,N2P,0.03529411764705882,122,0.6584737893622243,0.28975478494692525,0.18877461821140487,0.4276238450835036,0.6525935871853052,0.8610507370876684,1.3330313484426162
n2_entropy_relative_curve,N2P,0.0392156862745098,122,0.6762099272723365,0.3050930830440126,0.20965821334620324,0.4433432629564105,0.6583705850230417,0.8758795568040955,1.2409425062284174
n2_entropy_relative_curve,N2P,0.043137254901960784,122,0.6915756553964116,0.31022023183274233,0.22027583354923283,0.45600568497287225,0.6581819853362545,0.9141478095453438,1.3113746815265026
n2_entropy_relative_curve,N2P,0.047058823529411764,122,0.661932513096331,0.32262999601421477,0.1860831995266834,0.4248050834180324,0.6217358532837647,0.8887661278172657,1.3145265557418608
n2_entropy_relative_curve,N2P,0.050980392156862744,122,0.6733075869866784,0.30191530567235464,0.1290123706860215,0.45911592894984116,0.6553557654968732,0.894501007607015,1.3046096457887617
n2_entropy_relative_curve,N2P,0.054901960784313725,122,0.6723414744447418,0.2997071006562684,0.13661438382700322,0.4522408229330703,0.6543730907766185,0.8690350739824405,1.3344544352933707
n2_entropy_relative_curve,N2P,0.058823529411764705,122,0.6654722254669111,0.29390430626320774,0.1388387182130839,0.4171429390108018,0.6695614675405781,0.8718029275167747,1.224724091774815
n2_entropy_relative_curve,N2P,0.06274509803921569,122,0.6670517362029246,0.30578822942343614,0.19142419459903248,0.4585829706958382,0.6359292714919489,0.8570785784902297,1.2894656010598502
n2_entropy_relative_curve,N2P,0.06666666666666667,122,0.6557306241381039,0.30882576791792815,0.15904234346496804,0.40964345406063074,0.6134843024389557,0.8428720652616517,1.3351453961358326
n2_entropy_relative_curve,N2P,0.07058823529411765,122,0.6425888374896096,0.34150864678952125,0.06420862831174082,0.3999676045925992,0.6093010749257852,0.8817333638319116,1.3274241660364674
n2_entropy_relative_curve,N2P,0.07450980392156863,122,0.6431745526755789,0.31737341413400383,0.10338223454041896,0.40692543492412514,0.5971853170097393,0.8261859439944247,1.4202393233886235
n2_entropy_relative_curve,N2P,0.0784313725490196,122,0.6191925673977249,0.3147799681871176,0.09079879462258136,0.37780528386215273,0.5734806132932277,0.8118962707753786,1.3327536344805735
n2_entropy_relative_curve,N2P,0.08235294117647059,122,0.6470513692924825,0.34437300081886046,0.08458402466457574,0.40926746312535955,0.6196598114072279,0.8348834753259327,1.4815795031099734
n2_entropy_relative_curve,N2P,0.08627450980392157,122,0.6414553628103007,0.3283615798838164,0.15976821614351622,0.3843534357916164,0.5918518624733952,0.8345513580419448,1.5095849245450064
n2_entropy_relative_curve,N2P,0.09019607843137255,122,0.65033264589263,0.3355825973548142,0.10947799463650931,0.4052304826086721,0.6263358088786681,0.8271397424447477,1.4200144758740105
n2_entropy_relative_curve,N2P,0.09411764705882353,122,0.6427822516781572,0.3476987883411526,0.1066866128384644,0.39861470056675813,0.5955730905904726,0.8359459815007875,1.4627474408772907
n2_entropy_relative_curve,N2P,0.09803921568627451,122,0.6448553514745231,0.3533751207350023,0.07651158966472352,0.3876543146658997,0.6147165638613064,0.8499447418446593,1.3992338356366607
n2_entropy_relative_curve,N2P,0.10196078431372549,122,0.6154650620801284,0.3265959770535417,0.14588809173838743,0.35056074262291503,0.5660686207146077,0.8127252740718376,1.4198699994991475
n2_entropy_relative_curve,N2P,0.10588235294117647,122,0.6454599420566052,0.3297271210934993,0.12775472673569463,0.43107889956412165,0.6063662760421932,0.8307596514972166,1.4041881362436694
n2_entropy_relative_curve,N2P,0.10980392156862745,122,0.6316365994332287,0.3265706775066642,0.07349466203142385,0.43354768085685197,0.5833749522595975,0.8737749064680181,1.3108550904309435
n2_entropy_relative_curve,N2P,0.11372549019607843,122,0.6233240720414019,0.3172223845878169,0.15250879630001707,0.3772870308486369,0.6078361887546084,0.8201851343515032,1.3616093144654415
n2_entropy_relative_curve,N2P,0.11764705882352941,122,0.6111318626516643,0.31843067574353684,0.07276825109753453,0.3611237771415362,0.586180783766971,0.816679064484917,1.3462787089589643
n2_entropy_relative_curve,N2P,0.12156862745098039,122,0.6215894095673546,0.3395797560239847,0.06966157102772999,0.3774598854315459,0.5612491819260979,0.805555722877219,1.3487495758083774
n2_entropy_relative_curve,N2P,0.12549019607843137,122,0.5991816736658276,0.3341347116029331,0.08479478550168745,0.3747894077602584,0.5567381366065596,0.8054356959004498,1.3384331363404274
n2_entropy_relative_curve,N2P,0.12941176470588234,122,0.6219646495739345,0.3507283770943792,0.06949386137177982,0.38589433207751184,0.5588594281137,0.8360847248005341,1.3295534058772196
n2_entropy_relative_curve,N2P,0.13333333333333333,122,0.6189586028151898,0.33432740725095933,0.0486599144001052,0.3831734947952186,0.5794968032612711,0.8416802894343185,1.3545452864918783
n2_entropy_relative_curve,N2P,0.13725490196078433,122,0.6285076136768357,0.3276993040168624,0.041281265572759074,0.390513670389935,0.6263166603486672,0.8562593558901196,1.2864894796991977
n2_entropy_relative_curve,N2P,0.1411764705882353,122,0.6251988106428625,0.3557974017668574,0.059955584677789726,0.34784983654085505,0.5975585988899847,0.8656154442739641,1.3594797505294514
n2_entropy_relative_curve,N2P,0.14509803921568626,122,0.6322705584720245,0.3488917669274042,0.04945838015363769,0.3822449429216912,0.6022590552939158,0.8518756683937873,1.3516351719366162
n2_entropy_relative_curve,N2P,0.14901960784313725,122,0.6371485382215076,0.3505432521821533,0.06721464345274346,0.3580322228369162,0.6092698700021371,0.8586587382747838,1.3752203594919852
n2_entropy_relative_curve,N2P,0.15294117647058825,122,0.6233554110194619,0.3353895297945525,0.05030509559192169,0.3759981159835737,0.6046957520250281,0.8252708070240711,1.352887340045114
n2_entropy_relative_curve,N2P,0.1568627450980392,122,0.6277182858551907,0.3415485365411902,0.07145633983299682,0.36617154124252665,0.613013574685146,0.8230563549774812,1.3403668935331492
n2_entropy_relative_curve,N2P,0.16078431372549018,122,0.6357557663804566,0.34657383192714936,0.04757304768659481,0.361001836537253,0.625475372835692,0.8197586067980844,1.323104653411867
n2_entropy_relative_curve,N2P,0.16470588235294117,122,0.6240154430127691,0.344481368338945,0.12684475222740288,0.3510848512908019,0.5862418230158626,0.8292546471552362,1.313344797021195
n2_entropy_relative_curve,N2P,0.16862745098039217,122,0.6346495847143,0.3476818079316019,0.06942126780344182,0.39835559492069517,0.579983969068953,0.8451077898459,1.3581460692779261
n2_entropy_relative_curve,N2P,0.17254901960784313,122,0.6368909345942596,0.36659711988808724,0.04592803347495205,0.3704963192967522,0.6324686737034888,0.8278867463077733,1.3912080640102646
n2_entropy_relative_curve,N2P,0.1764705882352941,122,0.646833826231884,0.36871204217072007,0.056419794498944555,0.3758305682636579,0.6218444629921454,0.874465700134191,1.4398095393739279
n2_entropy_relative_curve,N2P,0.1803921568627451,122,0.612062410250498,0.3530922405670809,0.0749007284324585,0.33818104011488914,0.6065532936733016,0.7963132221323034,1.3726700059658317
n2_entropy_relative_curve,N2P,0.1843137254901961,122,0.6059265032859099,0.34199385587439296,0.049825976356085544,0.34286120742703713,0.5275144422428467,0.8703432337993539,1.3205669123478994
n2_entropy_relative_curve,N2P,0.18823529411764706,122,0.6405177110643717,0.3481407164342113,0.11803305224939492,0.4017714111613815,0.5777484520511547,0.8551117204557016,1.3700016031848907
n2_entropy_relative_curve,N2P,0.19215686274509802,122,0.6063577813747574,0.35265537044389006,0.06529661226905664,0.341908573340585,0.570041998991468,0.7886105248171642,1.3643213260900082
n2_entropy_relative_curve,N2P,0.19607843137254902,122,0.6082150727136654,0.3482580655928033,0.10944986807798268,0.34091331498094546,0.5485377998572494,0.8123479778840352,1.4317493223956155
n2_entropy_relative_curve,N2P,0.2,122,0.6215029232025662,0.37529159325409467,0.07837059524692093,0.3720685879032478,0.5737892535785074,0.8419093511031193,1.4642434205577461
n2_entropy_relative_curve,N2P,0.20392156862745098,122,0.6288288105620699,0.35101253558270545,0.08210261954078879,0.35046121382527917,0.5965226756124676,0.8299306926927199,1.3862411316386252
n2_entropy_relative_curve,N2P,0.20784313725490194,122,0.6133717988356121,0.3336120015463888,0.10664920123806144,0.36587764790612454,0.5701809198635466,0.8375073012891368,1.3326898799453633
n2_entropy_relative_curve,N2P,0.21176470588235294,122,0.6036671032747285,0.33693783229297275,0.08663706836439596,0.3463701134651387,0.5601533212335547,0.7995550863134352,1.3263687726998232
n2_entropy_relative_curve,N2P,0.21568627450980393,122,0.6041528176704858,0.3413042929287343,0.07855857304689583,0.36857525303429794,0.5511100378405347,0.8197061717895436,1.3680446714927854
n2_entropy_relative_curve,N2P,0.2196078431372549,122,0.6116799255123855,0.33604269220290683,0.0989025824047536,0.36129510105619445,0.585428994366491,0.7944999494835184,1.369794112319169
n2_entropy_relative_curve,N2P,0.22352941176470587,122,0.6084951434497626,0.35057797925483836,0.06463090344454109,0.341993439332062,0.5663575549532215,0.8276883704713295,1.3924885911728233
n2_entropy_relative_curve,N2P,0.22745098039215686,122,0.6044391031951298,0.3314809529642861,0.06139908727522997,0.3557244784838138,0.5887631170338287,0.8233284343447346,1.3215254436370782
n2_entropy_relative_curve,N2P,0.23137254901960785,122,0.6134830801700267,0.3481045892192951,0.09830436751000349,0.34716745929299603,0.5677968348036719,0.7712078918473771,1.4077131193458983
n2_entropy_relative_curve,N2P,0.23529411764705882,122,0.6061233195386362,0.3387105430131027,0.09811129517547877,0.3687998062417131,0.5338858935340478,0.8013625538577328,1.3661712279175522
n2_entropy_relative_curve,N2P,0.2392156862745098,122,0.6220450346879571,0.3335937217067802,0.11988403695269213,0.4014462747057237,0.5727287512376938,0.8056275485311851,1.3588892461378117
n2_entropy_relative_curve,N2P,0.24313725490196078,122,0.6260780248191264,0.3618237422290706,0.0842513086328607,0.37521942334690356,0.572589815555484,0.8357645525730009,1.4624101678911405
n2_entropy_relative_curve,N2P,0.24705882352941178,122,0.5999804156421095,0.34130234809590954,0.09061663332002029,0.34008099693049054,0.5884161373092118,0.7905326664437589,1.4090707503983608
n2_entropy_relative_curve,N2P,0.25098039215686274,122,0.615608725188822,0.3668469418795727,0.06971376108894878,0.369588500760373,0.5865929572563497,0.7737330465412506,1.5309109453898144
n2_entropy_relative_curve,N2P,0.2549019607843137,122,0.6077598889568153,0.37952863902383843,0.05322878480441982,0.35929396695760357,0.5376413639691251,0.7560036859872554,1.5799269297908154
n2_entropy_relative_curve,N2P,0.2588235294117647,122,0.6007528230153183,0.34549220180123863,0.07064324023517515,0.34483899089652903,0.5494244315279133,0.7921443311266966,1.3781006921554728
n2_entropy_relative_curve,N2P,0.2627450980392157,122,0.6130798406274205,0.3388258233590551,0.09793915409164891,0.3734079150344155,0.5856825469818405,0.800668292442982,1.4938958302184084
n2_entropy_relative_curve,N2P,0.26666666666666666,122,0.6033389611924469,0.3338721420771308,0.10059740885684482,0.35312406859579915,0.5035078501788325,0.7913518352597062,1.4379922516678219
n2_entropy_relative_curve,N2P,0.27058823529411763,122,0.6162232215918368,0.3698787504468983,0.05535351828564101,0.3447243760651775,0.552550548887452,0.8463620233194591,1.357872915446123
n2_entropy_relative_curve,N2P,0.27450980392156865,122,0.6257265080386876,0.35161469946456086,0.13346601571059,0.35989742938496955,0.5960267405092825,0.8177874602074087,1.4603909470706238
n2_entropy_relative_curve,N2P,0.2784313725490196,122,0.6129981569017897,0.3618704953426803,0.10931757024346485,0.3564179203318572,0.5393650260739,0.8036428861090649,1.4605669547835547
n2_entropy_relative_curve,N2P,0.2823529411764706,122,0.614923911199001,0.3600800426578572,0.034891579994088054,0.34041688465938813,0.595783519008841,0.8196411667398025,1.3723209889237529
n2_entropy_relative_curve,N2P,0.28627450980392155,122,0.6063931693588175,0.34653938293611375,0.09848298890695528,0.3398531789155845,0.5450643663842556,0.7893015539238614,1.3616223012331954
n2_entropy_relative_curve,N2P,0.2901960784313725,122,0.6104610121794345,0.3556977263397307,0.08615421655573968,0.34334531954125,0.5340146341604459,0.8519193057399275,1.3962610050680515
n2_entropy_relative_curve,N2P,0.29411764705882354,122,0.6067737795055942,0.3643724063791749,0.07930793092753866,0.35644522058225314,0.5329425477142042,0.7885581283874903,1.4788517734036972
n2_entropy_relative_curve,N2P,0.2980392156862745,122,0.6009879086581816,0.3489143375662392,0.12841443129808403,0.3436302037804703,0.522815725819249,0.8211886307773502,1.4472030989066373
n2_entropy_relative_curve,N2P,0.30196078431372547,122,0.603625750937236,0.3468221744283696,0.11738254785824191,0.34335442204290056,0.5330556330937337,0.837788860545176,1.3971190793523138
n2_entropy_relative_curve,N2P,0.3058823529411765,122,0.611594416863133,0.3694644075467809,0.09838377839703573,0.3447491443108716,0.5373893962874554,0.8470269624424961,1.4591970119948778
n2_entropy_relative_curve,N2P,0.30980392156862746,122,0.6099767202008579,0.35830471746337234,0.05267528484165305,0.3510108486855351,0.5709070711791578,0.844346626715559,1.4403232971928381
n2_entropy_relative_curve,N2P,0.3137254901960784,122,0.6117295220014091,0.3461941332393582,0.08648473235219264,0.3531564178934763,0.5731984999175317,0.827321726029968,1.3493026084536153
n2_entropy_relative_curve,N2P,0.3176470588235294,122,0.6029826934761745,0.3431871018895336,0.0604083979379865,0.3539021895676109,0.5233220336318556,0.8060559791170439,1.3478378046080017
n2_entropy_relative_curve,N2P,0.32156862745098036,122,0.5977164464790061,0.34913921149925037,0.07093431420644015,0.3472929698308228,0.5196353701256387,0.8325664897585947,1.3492824129183945
n2_entropy_relative_curve,N2P,0.3254901960784314,122,0.601888636425194,0.35228269445570476,0.08350919924984773,0.3401660869182743,0.5548969226841756,0.8429131178476053,1.3480934651500855
n2_entropy_relative_curve,N2P,0.32941176470588235,122,0.6027668588006041,0.3465275046759298,0.0810051462295746,0.36013561065579697,0.5102814538710285,0.8201958613284237,1.4073287907078509
n2_entropy_relative_curve,N2P,0.3333333333333333,122,0.6129039448685982,0.3540474880757376,0.10002327811388075,0.3610177280237264,0.5500664929942285,0.8414422666532334,1.403070703692918
n2_entropy_relative_curve,N2P,0.33725490196078434,122,0.6145583455799984,0.3528813644015277,0.10522044218197855,0.3522355237178967,0.5770412691715305,0.8164325767043197,1.4165102069507765
n2_entropy_relative_curve,N2P,0.3411764705882353,122,0.6095201923198322,0.3491257591101576,0.06739417095581461,0.3578446500252542,0.5488277339696266,0.8468850198372471,1.3866189993179798
n2_entropy_relative_curve,N2P,0.34509803921568627,122,0.6004907909643675,0.3566626146158628,0.08700129198580117,0.3332641118963031,0.5409587322758609,0.7959643342105036,1.4471678839633173
n2_entropy_relative_curve,N2P,0.34901960784313724,122,0.6070540571674519,0.3528147105183681,0.03692385248488431,0.3538299664931131,0.573926366805525,0.8227510370978723,1.3612327699617075
n2_entropy_relative_curve,N2P,0.3529411764705882,122,0.603313241440686,0.34828503713036274,0.09134285647944312,0.3496759449230914,0.5345057700668134,0.8099590536469458,1.4405354159713004
n2_entropy_relative_curve,N2P,0.3568627450980392,122,0.6054062448378249,0.36208077414459605,0.10134940822983808,0.33985231800704596,0.5292284790614106,0.8471148609461181,1.4225353887223309
n2_entropy_relative_curve,N2P,0.3607843137254902,122,0.5988249324996879,0.35562254998914705,0.08785289267146006,0.34836225402921694,0.5839069004752664,0.8132604897555167,1.3757939558134613
n2_entropy_relative_curve,N2P,0.36470588235294116,122,0.5992290090798627,0.3613044260822848,0.06898396346259507,0.33241506407358834,0.5721070292308433,0.7925484151738684,1.4578944792414184
n2_entropy_relative_curve,N2P,0.3686274509803922,122,0.6042171691982392,0.35518143447666045,0.10949813536217712,0.3406223818645977,0.5596260469753016,0.812464142246494,1.4177242453026382
n2_entropy_relative_curve,N2P,0.37254901960784315,122,0.6011465787466077,0.36437296367231337,0.07017653594883565,0.33878178746630094,0.5442888917761624,0.7941755556902892,1.4578942613705288
n2_entropy_relative_curve,N2P,0.3764705882352941,122,0.6038553932650663,0.354264352914439,0.09787275056938692,0.34330271572498317,0.6126381899996085,0.8071439949862191,1.3815933802575018
n2_entropy_relative_curve,N2P,0.3803921568627451,122,0.5977919443345344,0.3641736977627269,0.08152618197035895,0.3423875563303509,0.5371745359782453,0.85758321972806,1.370368133206435
n2_entropy_relative_curve,N2P,0.38431372549019605,122,0.5894232054457994,0.3576366809045663,0.09685956049589467,0.33085395303319887,0.5230626631495051,0.8107198411677583,1.455948325563661
n2_entropy_relative_curve,N2P,0.38823529411764707,122,0.5964646849687536,0.3587380206200825,0.09975307219499058,0.33652876765301637,0.5482478100754744,0.8075350970394651,1.4568517021154361
n2_entropy_relative_curve,N2P,0.39215686274509803,122,0.5953217747498617,0.36435813299366165,0.09987992436294374,0.32692042001045246,0.5256427339889638,0.8256072761249633,1.4586608647986596
n2_entropy_relative_curve,N2P,0.396078431372549,122,0.5944684032073612,0.3550245326004518,0.09953820917104132,0.34026427338631116,0.5292517301233375,0.8186082313130569,1.3478221040687144
n2_entropy_relative_curve,N2P,0.4,122,0.5932819877174802,0.3603905066053211,0.09976551957204015,0.32175299779611743,0.516465949319325,0.8154321554986488,1.4477167145189744
n2_entropy_relative_curve,N2P,0.403921568627451,122,0.5963279946888778,0.34977223772654437,0.09973987525602325,0.3428947446322079,0.4977495622444451,0.8263196514209834,1.3627505339649444
n2_entropy_relative_curve,N2P,0.40784313725490196,122,0.5995818265908576,0.3568935434016552,0.09865138568116634,0.33972301865047005,0.5608606043749675,0.8214622239473817,1.4550346246683987
n2_entropy_relative_curve,N2P,0.4117647058823529,122,0.587481568816817,0.35564800997761126,0.09953471127851929,0.32539334551967874,0.5188450995390186,0.811783872249163,1.3960684219366009
n2_entropy_relative_curve,N2P,0.4156862745098039,122,0.5922485666666536,0.35794874949660244,0.05065349192729638,0.338604463518425,0.5061163696665858,0.8302770779586848,1.433347476902246
n2_entropy_relative_curve,N2P,0.4196078431372549,122,0.5944850867282384,0.3537634255081034,0.06496951879308653,0.3459712831983355,0.5314746159564745,0.842727121801261,1.3482509992761238
n2_entropy_relative_curve,N2P,0.4235294117647059,122,0.5982818132850989,0.36667912144177967,0.06627711217139536,0.3406223615244455,0.5428255857273225,0.8882518192119104,1.4541381295315892
n2_entropy_relative_curve,N2P,0.42745098039215684,122,0.5825278721608446,0.3605148058143496,0.03679629849788391,0.322122750748441,0.49288788775416076,0.8375343053800143,1.4539953486077895
n2_entropy_relative_curve,N2P,0.43137254901960786,122,0.585943095288348,0.3624954554859671,0.034528380559605755,0.33985134731815664,0.4765157095598571,0.8409707770700284,1.426709114605865
n2_entropy_relative_curve,N2P,0.43529411764705883,122,0.602963006651371,0.35490518521692105,0.11073098087917528,0.34744227595233423,0.5075087756185146,0.8516260400208884,1.453478842454059
n2_entropy_relative_curve,N2P,0.4392156862745098,122,0.5999103354354361,0.3595747857122877,0.09789789759700725,0.33291304605330246,0.52914042280814,0.8709290285567413,1.4586697460276479
n2_entropy_relative_curve,N2P,0.44313725490196076,122,0.591704735210002,0.3614071833322637,0.09980222873593081,0.32398167859967814,0.4816661754304201,0.8590653886562803,1.4002400394670518
n2_entropy_relative_curve,N2P,0.44705882352941173,122,0.5908621782291498,0.3648833692912521,0.07385459042594726,0.3248960221170576,0.49759132834754255,0.8494190597315272,1.4559214712370412
n2_entropy_relative_curve,N2P,0.45098039215686275,122,0.6049194613957906,0.35695212478994354,0.06315215557773442,0.3468638457158803,0.5344721752340179,0.862435582726151,1.4167110970482564
n2_entropy_relative_curve,N2P,0.4549019607843137,122,0.5870879410164014,0.3498667568069289,0.08747546430674479,0.3484558206041284,0.5136224239979912,0.7738635441876501,1.3610508643935295
n2_entropy_relative_curve,N2P,0.4588235294117647,122,0.5901946320651861,0.3749701395996125,0.06135419682808536,0.2997601607730603,0.5036656879613723,0.8262254607449018,1.458721682710081
n2_entropy_relative_curve,N2P,0.4627450980392157,122,0.5936647977505477,0.3661696436496187,0.04741176427307168,0.31116827363856636,0.5125894842057886,0.8601030141858874,1.4571625501273535
n2_entropy_relative_curve,N2P,0.4666666666666667,122,0.5772884828193223,0.3559336847740159,0.06310979083603967,0.3379820104036056,0.4806645114595609,0.793705997280965,1.3536054707005485
n2_entropy_relative_curve,N2P,0.47058823529411764,122,0.5973014712606589,0.3670107433659004,0.07651857413793603,0.33664892093667687,0.5351292989621055,0.8720270167145494,1.4127491522603661
n2_entropy_relative_curve,N2P,0.4745098039215686,122,0.5928484691978441,0.3644221672392158,0.0632647560735513,0.3385796221723193,0.5045311282151244,0.8656795595423897,1.4564487357145313
n2_entropy_relative_curve,N2P,0.4784313725490196,122,0.5881285895481049,0.3703851292307892,0.061373749340286554,0.3326761108279338,0.50532154159421,0.8145976233452116,1.4596492670105348
n2_entropy_relative_curve,N2P,0.4823529411764706,122,0.5886611891242627,0.3602888422623707,0.05893914305362678,0.34987824685992336,0.4904210391466677,0.8345213039301612,1.3556453987955548
n2_entropy_relative_curve,N2P,0.48627450980392156,122,0.5929832140236609,0.36122790357876733,0.06748573816043783,0.32573609492234773,0.5110725426995844,0.8471543956529226,1.398071107885378
n2_entropy_relative_curve,N2P,0.49019607843137253,122,0.5868442180697935,0.36031500908448805,0.05276740044916083,0.3352297925165218,0.4863839982878178,0.8652636277519703,1.3500978704567084
n2_entropy_relative_curve,N2P,0.49411764705882355,122,0.5882050035195031,0.3662519842349027,0.06744359123996532,0.32567021271374597,0.48503541034202485,0.858564482517575,1.3695912167916398
n2_entropy_relative_curve,N2P,0.4980392156862745,122,0.5939975051009417,0.361890226013016,0.07910537007687435,0.33950515212697546,0.5110315081163805,0.8714884712835456,1.347210371888556
n2_entropy_relative_curve,N2P,0.5019607843137255,122,0.5902109539553433,0.3658147972846232,0.09500591929967021,0.3304772932858815,0.5197604346717097,0.8376349838893073,1.3752676553007497
n2_entropy_relative_curve,N2P,0.5058823529411764,122,0.5886100163538865,0.36115024552984865,0.09490427771506973,0.33551448211963597,0.4965066337483557,0.8359142531465713,1.4121732277823085
n2_entropy_relative_curve,N2P,0.5098039215686274,122,0.6022021275114182,0.3596105054152239,0.10070913426592665,0.3275685831369292,0.5038707364887304,0.8499052579498468,1.3636835740933708
n2_entropy_relative_curve,N2P,0.5137254901960784,122,0.5836134754063164,0.3500554513860919,0.09440142591775039,0.3390989629475534,0.48194735054070087,0.7868456587368264,1.3481119651635476
n2_entropy_relative_curve,N2P,0.5176470588235293,122,0.5929067514081828,0.3539691288337174,0.08874365147669841,0.33858982024148393,0.5136949273830542,0.8372131951171601,1.3717988277268391
n2_entropy_relative_curve,N2P,0.5215686274509804,122,0.5875013532686164,0.3552416316242915,0.07118792572222268,0.34779839618096564,0.490976434725485,0.8260566876456151,1.4075199062096484
n2_entropy_relative_curve,N2P,0.5254901960784314,122,0.6010060845581453,0.3551019946948878,0.09252435005139575,0.3424276394311439,0.529362010582679,0.8393104872579156,1.3647849520951105
n2_entropy_relative_curve,N2P,0.5294117647058824,122,0.5877866904583025,0.3681355506229111,0.06368334716092616,0.3218702721491408,0.5241609346995474,0.8328387937287745,1.4597996046220796
n2_entropy_relative_curve,N2P,0.5333333333333333,122,0.5881237027953164,0.37047362558095165,0.07406602814148308,0.3246212787275838,0.4895564674468137,0.8712556479115492,1.460170564280468
n2_entropy_relative_curve,N2P,0.5372549019607843,122,0.5863011247935384,0.37462286796709865,0.06097106524168338,0.31299053222825124,0.49922560763142454,0.8050430171094726,1.5175991209431996
n2_entropy_relative_curve,N2P,0.5411764705882353,122,0.5881046052691029,0.36590524832715265,0.09004404806885875,0.3259974260071076,0.5156022493499066,0.8202020644879805,1.4595115414503579
n2_entropy_relative_curve,N2P,0.5450980392156862,122,0.6042168198560895,0.35767943708726124,0.10654124527660835,0.3358693528007064,0.5210264136679981,0.8523489685678904,1.4581173377652659
n2_entropy_relative_curve,N2P,0.5490196078431373,122,0.5949402378629923,0.3687703581254926,0.11770028351579692,0.32385953856827626,0.5040394863189299,0.8176932904076407,1.458157715578194
n2_entropy_relative_curve,N2P,0.5529411764705883,122,0.5869345049120152,0.37135498801818745,0.068732554350361,0.3096000637961983,0.4962622906483004,0.8199628598111359,1.50436451871936
n2_entropy_relative_curve,N2P,0.5568627450980392,122,0.6057302720782577,0.3776015129257734,0.09701974002686992,0.32816696737986606,0.5139451043455429,0.853082082019485,1.460674332612549
n2_entropy_relative_curve,N2P,0.5607843137254902,122,0.5859146760235142,0.37002212118978683,0.06256894089106607,0.311916787826772,0.48623800977303816,0.8454814402792533,1.4587975970593114
n2_entropy_relative_curve,N2P,0.5647058823529412,122,0.5821851667231901,0.36578086952417255,0.05556424460340067,0.3245579956592109,0.4935506850141742,0.7963350255288647,1.3741425479561038
n2_entropy_relative_curve,N2P,0.5686274509803921,122,0.5936413093817124,0.36852757531480174,0.07637251789292553,0.3261971485473518,0.4950822608616122,0.8574290392621415,1.4583528582569354
n2_entropy_relative_curve,N2P,0.5725490196078431,122,0.5834914849716885,0.37680561132543244,0.06296013381357665,0.304748064746301,0.47640314226475,0.8426910842755204,1.458006975814827
n2_entropy_relative_curve,N2P,0.5764705882352941,122,0.5804901165987844,0.37014281644135655,0.062413504618130396,0.31931215910075783,0.4859601125545982,0.8252128339339495,1.457912723136942
n2_entropy_relative_curve,N2P,0.580392156862745,122,0.587275077864547,0.3702945044264789,0.04471318440799622,0.31512801326915346,0.5506425967237332,0.8247011769183799,1.3907256063899915
n2_entropy_relative_curve,N2P,0.5843137254901961,122,0.5917108311833853,0.3636818998933531,0.06303053130989751,0.3234235098672043,0.48521115626271527,0.820678555311491,1.417524146201988
n2_entropy_relative_curve,N2P,0.5882352941176471,122,0.5853959523013254,0.35974554661639707,0.05399154303446701,0.3398868970338291,0.49848401643309603,0.8052849729031702,1.365627746169051
n2_entropy_relative_curve,N2P,0.592156862745098,122,0.5865488033510526,0.3683250726882315,0.06913549785640907,0.3394150513100491,0.5079156112754084,0.8055731640194901,1.458323664942206
n2_entropy_relative_curve,N2P,0.596078431372549,122,0.5864226449025114,0.36268602070846306,0.09126557336457534,0.3124598314244518,0.5261166826126407,0.8131206490856665,1.459476321841042
n2_entropy_relative_curve,N2P,0.6,122,0.5888050580509679,0.36111124139500717,0.06278168655328269,0.32576227185768625,0.543313249362376,0.8174021813350587,1.3900538708680132
n2_entropy_relative_curve,N2P,0.6039215686274509,122,0.5914990091967303,0.3687879795799232,0.07072090061607472,0.32824388494433054,0.5165245130576035,0.827799606175131,1.4597736727152453
n2_entropy_relative_curve,N2P,0.6078431372549019,122,0.5832132628433832,0.3674784176690044,0.058754154592952565,0.33145858028751657,0.4887008407524208,0.8542500591133824,1.457952503908963
n2_entropy_relative_curve,N2P,0.611764705882353,122,0.5863635011507551,0.36696412324745736,0.060446909347581006,0.33152079839891313,0.5261655408192214,0.8170970818098398,1.4260438437116707
n2_entropy_relative_curve,N2P,0.615686274509804,122,0.5886475024375103,0.3624541252113238,0.05585133390655862,0.31297085114811185,0.5422045068019063,0.8278705527773046,1.4127838605239873
n2_entropy_relative_curve,N2P,0.6196078431372549,122,0.5885523421589036,0.3623979137184996,0.06302766501454664,0.33786765289595067,0.5257171507394851,0.8125775507651669,1.45765238921099
n2_entropy_relative_curve,N2P,0.6235294117647059,122,0.5917309018814391,0.35769817361032663,0.07899265425486361,0.3145208297471052,0.5419157501180198,0.7907764363642728,1.447094546726936
n2_entropy_relative_curve,N2P,0.6274509803921569,122,0.5916458091294475,0.3618875536858569,0.039821252137972926,0.32626406908584366,0.548945639835765,0.8230635640570774,1.430691297309323
n2_entropy_relative_curve,N2P,0.6313725490196078,122,0.588634836134829,0.3673822948804592,0.0539833087214502,0.3333479266985022,0.5417558294491109,0.8095475524515899,1.3665496603253315
n2_entropy_relative_curve,N2P,0.6352941176470588,122,0.5862509192896667,0.3634529751173605,0.02035225205919554,0.32601641643162926,0.550782220620897,0.815135400935238,1.3645806623120125
n2_entropy_relative_curve,N2P,0.6392156862745098,122,0.5872668044719055,0.364199499196402,0.027109401180730425,0.3323702667712263,0.526068465618651,0.7958347398397475,1.4392518189695698
n2_entropy_relative_curve,N2P,0.6431372549019607,122,0.5917656462852213,0.364244656167705,0.05694490855867179,0.32925982690652184,0.5498241136053101,0.7912339761112862,1.4591570496131723
n2_entropy_relative_curve,N2P,0.6470588235294118,122,0.5912932811777576,0.3691619104127486,0.043943459722597666,0.33325837627718546,0.5438631146907821,0.8269989720959555,1.4514794145756662
n2_entropy_relative_curve,N2P,0.6509803921568628,122,0.5896433098918602,0.3688997153833473,0.06285037651638771,0.3207261876661573,0.5314375136558698,0.8555534986996753,1.4124175623090998
n2_entropy_relative_curve,N2P,0.6549019607843137,122,0.5957263217434015,0.36697800925620283,0.05830808173877997,0.3367135398106753,0.5693463811776722,0.8210346620056422,1.4585466490954613
n2_entropy_relative_curve,N2P,0.6588235294117647,122,0.5880492343438587,0.37277884186100624,0.028982500381911417,0.3090529736797761,0.5232199962812707,0.8357780196214397,1.4587318592150913
n2_entropy_relative_curve,N2P,0.6627450980392157,122,0.5870203747825019,0.3660318715309337,0.06444015184802437,0.3194542820012802,0.5089080178880676,0.7948209811525554,1.458666551248455
n2_entropy_relative_curve,N2P,0.6666666666666666,122,0.5778105649049415,0.36659030401654313,0.02881736714363472,0.31121652523825877,0.5407780749326914,0.779211025939492,1.4365849309493723
n2_entropy_relative_curve,N2P,0.6705882352941176,122,0.5836780540243047,0.36254888233669136,0.02733530260452137,0.32444599158507575,0.5448340160816314,0.7674573493332878,1.4583325120733535
n2_entropy_relative_curve,N2P,0.6745098039215687,122,0.5911859819317086,0.3644873997227064,0.05774048124845836,0.3281378101074251,0.543984233517429,0.7936001991929522,1.4156520301501687
n2_entropy_relative_curve,N2P,0.6784313725490196,122,0.5872502436168979,0.3658223240163064,0.03009222511461796,0.33558997558850023,0.5472349427057973,0.8142308587272229,1.458323251529762
n2_entropy_relative_curve,N2P,0.6823529411764706,122,0.5941825204976647,0.3689553799531069,0.029105022916201335,0.3164759253796008,0.5419522419457004,0.8474765221435192,1.4100897049533863
n2_entropy_relative_curve,N2P,0.6862745098039216,122,0.5809979628779542,0.3683722574578756,0.02556092065753496,0.30950344511423633,0.5309633780577268,0.8034543851510209,1.4461537280233576
n2_entropy_relative_curve,N2P,0.6901960784313725,122,0.5871065926256229,0.36653460628126294,0.04870380141509371,0.33740381938103914,0.5280647215115966,0.8402892503389573,1.4231699722601974
n2_entropy_relative_curve,N2P,0.6941176470588235,122,0.5912836792623155,0.370014093064979,0.03618330239905121,0.3398613197850082,0.5333499657200554,0.8203938987897476,1.4130187531932878
n2_entropy_relative_curve,N2P,0.6980392156862745,122,0.5850587131690649,0.36851864065290435,0.035328025613102415,0.3107768597921325,0.5494024434840443,0.8160995729942497,1.3645860303152781
n2_entropy_relative_curve,N2P,0.7019607843137254,122,0.5888299231235125,0.37095537514727306,0.03509142583540509,0.3352107965746844,0.5347715772479127,0.8259400539865102,1.4167482624897503
n2_entropy_relative_curve,N2P,0.7058823529411764,122,0.5858358697629026,0.36856324458247575,0.021157103810362097,0.3394068729092937,0.5184748509515159,0.8130465771037825,1.4152238641211154
n2_entropy_relative_curve,N2P,0.7098039215686275,122,0.5855310629480052,0.36947195216464657,0.0380692731500911,0.29485553243741885,0.5476821773249021,0.8266215196566434,1.4542313049091387
n2_entropy_relative_curve,N2P,0.7137254901960784,122,0.5815203565709227,0.36686747141501147,0.028779272323552645,0.32260981126118826,0.5483004958793367,0.8151670789597206,1.364443418477788
n2_entropy_relative_curve,N2P,0.7176470588235294,122,0.5843306774972041,0.3666875624755276,0.03943570606775305,0.3110931585114536,0.5393944842877374,0.8169590300803808,1.3644873000028552
n2_entropy_relative_curve,N2P,0.7215686274509804,122,0.5794924522443731,0.36907155529366054,0.033726512178791704,0.29829222341198247,0.5248996749477155,0.8145984216592137,1.3644653782457523
n2_entropy_relative_curve,N2P,0.7254901960784313,122,0.5780331395094195,0.3658789064726066,0.025639387937332992,0.3123348156835744,0.5255261434873539,0.8186163305585397,1.366910356796116
n2_entropy_relative_curve,N2P,0.7294117647058823,122,0.5770930086053977,0.3663146127978087,0.025536319133628717,0.2909125603499707,0.5428572438936,0.8145979586810173,1.3716728715535875
n2_entropy_relative_curve,N2P,0.7333333333333333,122,0.5769779080752697,0.37362035482469247,0.02069351050998852,0.2869102290028857,0.49852581635378573,0.8285380602738714,1.4588830491015898
n2_entropy_relative_curve,N2P,0.7372549019607844,122,0.5865179745257516,0.3707784629181424,0.062381226841225934,0.3217058682158985,0.521764392957785,0.8210142610122321,1.3816162847701703
n2_entropy_relative_curve,N2P,0.7411764705882353,122,0.5904506566396376,0.36628292765898784,0.028974639755451313,0.3220088517914917,0.5247125277728866,0.8268440527518236,1.364713171532164
n2_entropy_relative_curve,N2P,0.7450980392156863,122,0.5805687904629155,0.36662215008452165,0.09498695156475113,0.3068790790350896,0.522020488123639,0.8130466153128667,1.458556050545942
n2_entropy_relative_curve,N2P,0.7490196078431373,122,0.585559171614247,0.3691362069428523,0.06284539523751068,0.2948738499902638,0.5422619427652103,0.8335572647189747,1.419819939812971
n2_entropy_relative_curve,N2P,0.7529411764705882,122,0.5842478067526057,0.37149989281309836,0.0289890257809291,0.29885126243967797,0.5417490488720662,0.8263615517196471,1.4567456452805818
n2_entropy_relative_curve,N2P,0.7568627450980392,122,0.5900454667611664,0.3620536438346948,0.06272293533985075,0.3377038999922825,0.5264579197357159,0.8258310640068235,1.4588681437450624
n2_entropy_relative_curve,N2P,0.7607843137254902,122,0.5888971853229024,0.3643758683643667,0.029551109089296312,0.31619251280866656,0.5397223927959314,0.8257129658881918,1.3977366120185384
n2_entropy_relative_curve,N2P,0.7647058823529411,122,0.5824325143149958,0.3649016528542333,0.05170692145313878,0.29685984690055817,0.5331264601720527,0.7927359494537951,1.396156630522101
n2_entropy_relative_curve,N2P,0.7686274509803921,122,0.584935395154392,0.3595299138188877,0.06449454361470919,0.3143372708617819,0.5152201185699499,0.825351669772854,1.399550669208144
n2_entropy_relative_curve,N2P,0.7725490196078432,122,0.5849632332691876,0.35959006381528874,0.07688916008545668,0.3262001170349753,0.507472314576357,0.8160932335916199,1.4041067945650416
n2_entropy_relative_curve,N2P,0.7764705882352941,122,0.5832846071415276,0.365384330752113,0.027901365988347825,0.3038492461032582,0.5410057280416984,0.8138238168067948,1.389877980050866
n2_entropy_relative_curve,N2P,0.7803921568627451,122,0.580340178215827,0.3658303043459058,0.035989547818030446,0.2952811421682513,0.5166883685045865,0.8075066316160614,1.422080100471139
n2_entropy_relative_curve,N2P,0.7843137254901961,122,0.5889700012650917,0.3611836583351832,0.0779844225905552,0.3305161207350332,0.524774419970676,0.8147603900964357,1.4397828455900843
n2_entropy_relative_curve,N2P,0.788235294117647,122,0.5884126172064682,0.3666043991333425,0.06281342443248418,0.28772852622092654,0.5262055314602684,0.8170793095613359,1.4403535694069423
n2_entropy_relative_curve,N2P,0.792156862745098,122,0.5874743760962161,0.36497881976134816,0.06246060579310292,0.32694749894978214,0.5459432433943365,0.8255304817767856,1.4249016803913055
n2_entropy_relative_curve,N2P,0.796078431372549,122,0.5940929734227033,0.3662573444934984,0.03411643302025645,0.3362548108187329,0.5568934292780208,0.8542189036582839,1.4067903310951215
n2_entropy_relative_curve,N2P,0.8,122,0.5819828265788133,0.36495431156168,0.029547799771987158,0.3058016733589758,0.5304805697078513,0.8163244969078132,1.3814614127182545
n2_entropy_relative_curve,N2P,0.803921568627451,122,0.5880905598106275,0.36569662852717455,0.029819502362759077,0.3246694664458152,0.5483262259104615,0.7954376372861222,1.4270117194651841
n2_entropy_relative_curve,N2P,0.807843137254902,122,0.5822348649187067,0.3618758577044383,0.0425639988700808,0.3244935348512591,0.52982684751366,0.8194819710884694,1.364582815851791
n2_entropy_relative_curve,N2P,0.8117647058823529,122,0.5854439635698963,0.37187140103606076,0.03888300448612998,0.3170836586658324,0.548788056827971,0.8205451757183398,1.4583207901526682
n2_entropy_relative_curve,N2P,0.8156862745098039,122,0.5909248554421462,0.36370176064780585,0.02860395242196674,0.32623806075015,0.5485686565575986,0.8130467349504016,1.4423612702169342
n2_entropy_relative_curve,N2P,0.8196078431372549,122,0.5847370146726573,0.3641462265429742,0.06317032976438118,0.3267796007638115,0.5418355436460272,0.8200227434162859,1.3645515314987493
n2_entropy_relative_curve,N2P,0.8235294117647058,122,0.5827410806014736,0.36752796912168334,0.031561253164513414,0.29637102414058125,0.5260075512330182,0.8153979839939972,1.3947327830457015
n2_entropy_relative_curve,N2P,0.8274509803921568,122,0.5847260861882494,0.366423619792042,0.028887444391661122,0.33910822601551416,0.5418307032345155,0.8192279841662706,1.3646081199893894
n2_entropy_relative_curve,N2P,0.8313725490196078,122,0.5920311823293313,0.36634858520419616,0.06289216624740353,0.32800395344662825,0.5418309441443244,0.8236374981446486,1.4379506970270606
n2_entropy_relative_curve,N2P,0.8352941176470589,122,0.5834912081621249,0.36491827584574554,0.039492390838399165,0.3201845175267138,0.5285421297290602,0.8265131328228998,1.3645330294624973
n2_entropy_relative_curve,N2P,0.8392156862745098,122,0.5890202638601414,0.36718253009892554,0.058784445509985635,0.3273636741337304,0.5449946926946123,0.8095742080776781,1.3646623225517633
n2_entropy_relative_curve,N2P,0.8431372549019608,122,0.586184477396516,0.3708253381450576,0.04767819671406426,0.32678180526241446,0.538765684387283,0.8174223398299804,1.4584615377194556
n2_entropy_relative_curve,N2P,0.8470588235294118,122,0.5852895830341995,0.36341708132679423,0.06308594477792669,0.31795376900400074,0.5418311776324853,0.8157620238655593,1.3645644847782081
n2_entropy_relative_curve,N2P,0.8509803921568627,122,0.5899667928694533,0.36874152082977757,0.02961256443731911,0.32255889754077627,0.5480604718247657,0.826661572416922,1.3781003957270823
n2_entropy_relative_curve,N2P,0.8549019607843137,122,0.5884223557174277,0.36834305964170805,0.020280418242550082,0.30800253181981907,0.5432484109842455,0.8153729453374391,1.3933215406156436
n2_entropy_relative_curve,N2P,0.8588235294117647,122,0.5823851797597761,0.36958166445293694,0.030476138689790294,0.287655239854646,0.5334280466293948,0.8171600480080218,1.367524572379822
n2_entropy_relative_curve,N2P,0.8627450980392157,122,0.5848174347168781,0.36577201772886503,0.051468632004110025,0.299666981300493,0.5132747457676876,0.8259127330467928,1.4583192754239813
n2_entropy_relative_curve,N2P,0.8666666666666667,122,0.5839602268665669,0.3631774948741826,0.029328608863161493,0.3100279714034662,0.5418313458644146,0.813046542650329,1.4120656616869827
n2_entropy_relative_curve,N2P,0.8705882352941177,122,0.581236354435101,0.36421357360392104,0.02955604579178602,0.32170934897475667,0.5355000076056755,0.8321715658336215,1.4510968302433245
n2_entropy_relative_curve,N2P,0.8745098039215686,122,0.5845053712619466,0.36569542203939875,0.061012115844388294,0.31563164861294124,0.5247083224389929,0.8267599282509193,1.3685756637745852
n2_entropy_relative_curve,N2P,0.8784313725490196,122,0.5828244035949466,0.36272708262044046,0.045104271612142754,0.31847485327314823,0.5139680022167479,0.8042452552241006,1.3645810960998852
n2_entropy_relative_curve,N2P,0.8823529411764706,122,0.5832763930872443,0.3684249523237451,0.04282916241556662,0.2971255307511957,0.5234894669479331,0.8156301508278698,1.4276756878375758
n2_entropy_relative_curve,N2P,0.8862745098039215,122,0.5794530379399034,0.36701248965649874,0.05110626541900081,0.3217058434703118,0.5418310192506457,0.8131561910800167,1.4599691853717125
n2_entropy_relative_curve,N2P,0.8901960784313725,122,0.5783169091400484,0.36971567652413545,0.02907335101644377,0.31474657665597483,0.4952271667818906,0.8266007569469035,1.4596800854948537
n2_entropy_relative_curve,N2P,0.8941176470588235,122,0.5945695285507361,0.3685679741470895,0.029910650248339842,0.33284146187089764,0.5351790307720063,0.8261890758873399,1.439996537779734
n2_entropy_relative_curve,N2P,0.8980392156862745,122,0.5920332892274243,0.37238079788993256,0.02323857809572046,0.326677128088555,0.5170292278499006,0.8389588959258844,1.458361827994007
n2_entropy_relative_curve,N2P,0.9019607843137255,122,0.5813360721431884,0.3665257342377443,0.06243363733072349,0.3228050261012202,0.5268010282267519,0.8265640887891201,1.3645401785433589
n2_entropy_relative_curve,N2P,0.9058823529411765,122,0.579889608876735,0.36239981121206283,0.08629331298182107,0.32319923191233857,0.4908846366544546,0.7924999215986084,1.4171745411268708
n2_entropy_relative_curve,N2P,0.9098039215686274,122,0.5868454161882679,0.3638793575974348,0.06282593312216894,0.32619713017007845,0.5077297446396836,0.8158409361701202,1.364545004153661
n2_entropy_relative_curve,N2P,0.9137254901960784,122,0.5872290305182453,0.36795702447825973,0.036379989318861716,0.3076684713123755,0.5263970988311375,0.8262943918657448,1.3644851056747256
n2_entropy_relative_curve,N2P,0.9176470588235294,122,0.5816872357165961,0.3608061641074603,0.03788177889545716,0.3262271046782881,0.5044941525528746,0.8171124818230326,1.457986520943241
n2_entropy_relative_curve,N2P,0.9215686274509803,122,0.5867322372170279,0.35728147435665786,0.029778008644012532,0.33174987817357243,0.5120042111386457,0.8130559445204515,1.4014350700535667
n2_entropy_relative_curve,N2P,0.9254901960784314,122,0.5847572926855754,0.3626216603616896,0.05369027110262165,0.330010488308757,0.5109965350494337,0.8146225267986704,1.436039909782591
n2_entropy_relative_curve,N2P,0.9294117647058824,122,0.5879513596398727,0.3599009115579757,0.05584859861155108,0.33211433732490026,0.5418376771970743,0.8262560858153516,1.3644852238053724
n2_entropy_relative_curve,N2P,0.9333333333333333,122,0.595775303908517,0.36056992536787186,0.02954074456674341,0.33766180789223,0.5501644923356711,0.8268172817902724,1.3858134888536244
n2_entropy_relative_curve,N2P,0.9372549019607843,122,0.5883137091751826,0.36002234257349475,0.029542409516354503,0.32696188617862726,0.5418322204607924,0.8203736921371526,1.4225122263401881
n2_entropy_relative_curve,N2P,0.9411764705882353,122,0.5914055507831552,0.3632242503096263,0.06324885386744672,0.3232121763877761,0.5346207953607842,0.8531784093280376,1.393065108631614
n2_entropy_relative_curve,N2P,0.9450980392156862,122,0.5887598860002881,0.3585141229447883,0.06325003917140734,0.32551993244624844,0.5466774823779691,0.8268601937217019,1.4583858471906577
n2_entropy_relative_curve,N2P,0.9490196078431372,122,0.5806263489067836,0.3687442038664133,0.062388189961909056,0.3151173899291735,0.5218964072341006,0.8272794063705351,1.45837659229833
n2_entropy_relative_curve,N2P,0.9529411764705882,122,0.5865981540488504,0.3700907016532414,0.03526325909832103,0.32171161981467755,0.5637538749562596,0.8270610262719896,1.4583192375666774
n2_entropy_relative_curve,N2P,0.9568627450980391,122,0.589318927894125,0.37199619425919256,0.07026756083601535,0.300996449501675,0.5369116982003402,0.8435287527136202,1.4583201642026422
n2_entropy_relative_curve,N2P,0.9607843137254902,122,0.5864028426325203,0.37126221995464825,0.02885384285995834,0.32132740031343043,0.5352899623178853,0.8301230367188127,1.4583198939046778
n2_entropy_relative_curve,N2P,0.9647058823529412,122,0.5851259608024908,0.3769229207011726,0.05746665023619418,0.31515806215392356,0.541831048855625,0.8196371604561272,1.4598101758518593
n2_entropy_relative_curve,N2P,0.9686274509803922,122,0.5854108610797724,0.36154135074418037,0.0535567691042145,0.3165262559570353,0.548118273412158,0.8154573897520901,1.364537955206514
n2_entropy_relative_curve,N2P,0.9725490196078431,122,0.5812067821870416,0.359935274232332,0.0878934844661807,0.3179976637705867,0.5247711039051606,0.818164956291731,1.387085499512082
n2_entropy_relative_curve,N2P,0.9764705882352941,122,0.5800914806403111,0.36181455540908425,0.03916306446220417,0.325871533610786,0.520320677519578,0.8185044423817833,1.364571753031468
n2_entropy_relative_curve,N2P,0.9803921568627451,122,0.5883685224746569,0.3648479059338679,0.049387914827373446,0.32806648597439414,0.5247117915356542,0.8184016927648481,1.4583192515764385
n2_entropy_relative_curve,N2P,0.984313725490196,122,0.5765532820122712,0.3638416217971439,0.03346346778275214,0.32130785986376353,0.5328404707530758,0.809116795429719,1.3969292342276716
n2_entropy_relative_curve,N2P,0.9882352941176471,122,0.5776763552438361,0.3684280421589327,0.039374590442447836,0.3151324127310016,0.5405543756091197,0.8146114051815027,1.437546298711387
n2_entropy_relative_curve,N2P,0.9921568627450981,122,0.5741395696330625,0.36798675439840306,0.020540149588078642,0.3160823273478203,0.5247106021609216,0.7955841078438232,1.4583196395530014
n2_entropy_relative_curve,N2P,0.996078431372549,122,0.5850884331419053,0.36597384395030275,0.029800460005896378,0.3276608134771734,0.5564625482828709,0.8145992774895883,1.4472978529815932
n2_entropy_relative_curve,N2P,1.0,122,0.578334888944739,0.36262569593198896,0.04062721134068828,0.3178404301498065,0.5524155207743989,0.8119555490536934,1.3717840924360447
n2_entropy_relative_curve,N2N,0.0,363,2.219607209019672,0.35469879065699217,1.2443927698217416,2.0438553012850837,2.2796447653428333,2.4617993586682854,2.721381437046437
n2_entropy_relative_curve,N2N,0.00392156862745098,363,0.8945379294458843,0.34093387141581777,0.23380060220513843,0.6349370575728158,0.8963703289349059,1.1412722887957463,1.543927880407991
n2_entropy_relative_curve,N2N,0.00784313725490196,363,0.7646606988017284,0.35671761860663903,0.13573244935358908,0.4961573610507416,0.7570326902650503,1.0056209841142822,1.4976410269612825
n2_entropy_relative_curve,N2N,0.011764705882352941,363,0.6926644010912931,0.34950022990496904,0.1126291508385319,0.43218163283557975,0.6608445040834491,0.9137197380443903,1.4577327872529844
n2_entropy_relative_curve,N2N,0.01568627450980392,363,0.6748867708635584,0.32790363824684454,0.09985210331112701,0.4397934272234084,0.6293448820999837,0.9016085636925777,1.3401532999073134
n2_entropy_relative_curve,N2N,0.0196078431372549,363,0.6960402251345956,0.32925737996279647,0.10119642150615366,0.4445025989074818,0.6920025833204759,0.9321715573952931,1.3625007401470273
n2_entropy_relative_curve,N2N,0.023529411764705882,363,0.681490821115128,0.32973572228121695,0.11109659682363193,0.4500429502898857,0.652578223589719,0.9198114648780842,1.3660854621592404
n2_entropy_relative_curve,N2N,0.027450980392156862,363,0.6968542852966085,0.33090055574009675,0.14446199246128819,0.46127780252533523,0.6556258616569942,0.9215730596751096,1.3842375912974278
n2_entropy_relative_curve,N2N,0.03137254901960784,363,0.6938343085071985,0.33803993385759035,0.11778210823349004,0.4418413663705477,0.6870016298084357,0.9112811741471224,1.3946720459328168
n2_entropy_relative_curve,N2N,0.03529411764705882,363,0.7189857343565019,0.322613122769465,0.15072815758640765,0.48242661802884135,0.6854434502599234,0.9232263886785474,1.4288723165456676
n2_entropy_relative_curve,N2N,0.0392156862745098,363,0.6873647437909578,0.31964518784248086,0.1343479524549733,0.47497038755236676,0.6417588150769683,0.8742300849117444,1.3598258319399548
n2_entropy_relative_curve,N2N,0.043137254901960784,363,0.7020321862241659,0.3218540879609441,0.13472828142859497,0.4696178179631001,0.6939857803857342,0.9253809791604515,1.3511716403218523
n2_entropy_relative_curve,N2N,0.047058823529411764,363,0.6996184513395861,0.3145279983590685,0.1508565897020189,0.4639379515607689,0.6778882397687531,0.9309485624224856,1.3262130134060948
n2_entropy_relative_curve,N2N,0.050980392156862744,363,0.7101976446036674,0.3349130319852348,0.1226772522433643,0.46942901459802655,0.6960451548901607,0.9080968706015071,1.434277848484977
n2_entropy_relative_curve,N2N,0.054901960784313725,363,0.7022248610994496,0.317210683556887,0.13259573624730062,0.4737072307980299,0.6767000976014845,0.9145216273465051,1.356078250183631
n2_entropy_relative_curve,N2N,0.058823529411764705,363,0.7102367722163744,0.33085991841114337,0.13174433634939628,0.4618088609534921,0.6809901063283436,0.916413283878007,1.4169740967418671
n2_entropy_relative_curve,N2N,0.06274509803921569,363,0.7052374943709097,0.33961235481381424,0.09147458062986508,0.45418471545402106,0.6753834888367203,0.9193680153756361,1.4016547113218154
n2_entropy_relative_curve,N2N,0.06666666666666667,363,0.685089367143928,0.33976432282178626,0.10239488014244266,0.4269750860519057,0.6426093118947092,0.9252011450842845,1.4266997563355837
n2_entropy_relative_curve,N2N,0.07058823529411765,363,0.6909596920191472,0.3352949885663049,0.09875141669296167,0.45389929786526956,0.6710935338182565,0.9082539528432196,1.3947508603131633
n2_entropy_relative_curve,N2N,0.07450980392156863,363,0.6906334208332658,0.32964910443442963,0.08650091626815717,0.4815474533164302,0.6587854796710418,0.895067197469154,1.372084828086964
n2_entropy_relative_curve,N2N,0.0784313725490196,363,0.696717694239555,0.33248156457333783,0.12455090395576436,0.45667968432901784,0.6707855567891238,0.9048651645717221,1.4084879675492792
n2_entropy_relative_curve,N2N,0.08235294117647059,363,0.6813335673724531,0.3496132874988424,0.10044414434099787,0.41297813860626603,0.6439880810845925,0.9290781160679642,1.4003362076787262
n2_entropy_relative_curve,N2N,0.08627450980392157,363,0.6868037152482435,0.32937170551464257,0.10626550849122676,0.44450092304218475,0.6746837435023547,0.8908819248832703,1.4216598053623875
n2_entropy_relative_curve,N2N,0.09019607843137255,363,0.6983600420370782,0.349281218912831,0.11863139834859883,0.4226308263187811,0.679657662075266,0.9257365349110032,1.4168547794116482
n2_entropy_relative_curve,N2N,0.09411764705882353,363,0.6988488504860405,0.34843635990896143,0.08655414385743584,0.44549155501045207,0.6707636091148805,0.9411824632272808,1.44211991905465
n2_entropy_relative_curve,N2N,0.09803921568627451,363,0.6846722625217061,0.3341557020137232,0.08971379837722579,0.4484630843341838,0.6508828075837221,0.9090994991201151,1.3964319895985884
n2_entropy_relative_curve,N2N,0.10196078431372549,363,0.6828641133138313,0.33396558251623853,0.12326406606669162,0.434335330054768,0.6506378482599628,0.9246605482947177,1.354244139030357
n2_entropy_relative_curve,N2N,0.10588235294117647,363,0.6808902439882304,0.34426103337935704,0.08470956187971111,0.4223122167641735,0.6785553802633385,0.8944424565634481,1.4413121088860958
n2_entropy_relative_curve,N2N,0.10980392156862745,363,0.6804452924028903,0.3439575224107321,0.07667786604200291,0.4288804787488727,0.6543472652473747,0.8927865705141158,1.4420972329934405
n2_entropy_relative_curve,N2N,0.11372549019607843,363,0.6723320722914395,0.3435422444358196,0.11693743944292442,0.4332156052806136,0.6480840822551038,0.8874399957101662,1.4624764058200619
n2_entropy_relative_curve,N2N,0.11764705882352941,363,0.6668118563929821,0.33838173918126474,0.0910368335766366,0.4261481690050235,0.6052079798515795,0.8971564812802169,1.3590205672671174
n2_entropy_relative_curve,N2N,0.12156862745098039,363,0.6744195105217732,0.3479210357219856,0.09220887037262766,0.4135930256915876,0.6599798594408499,0.894510675273782,1.402573427225663
n2_entropy_relative_curve,N2N,0.12549019607843137,363,0.6780323773268719,0.3544555826332668,0.10629044338729172,0.4289708551217252,0.640402666133691,0.8827643790530755,1.4590076203970825
n2_entropy_relative_curve,N2N,0.12941176470588234,363,0.6699319408736735,0.3419349048102361,0.09778840103278193,0.4122571122184926,0.631839739642794,0.8797253770107138,1.4370033723506261
n2_entropy_relative_curve,N2N,0.13333333333333333,363,0.6731994822379679,0.3391758242542345,0.12391344606530934,0.4178178245423305,0.6331498078395976,0.8957656909488907,1.415094486574283
n2_entropy_relative_curve,N2N,0.13725490196078433,363,0.674833862955516,0.34037985515911634,0.11855471121258343,0.41543906591545776,0.6403434910821862,0.888995785392623,1.4030415077442988
n2_entropy_relative_curve,N2N,0.1411764705882353,363,0.6839832342459026,0.3494459755786664,0.10194183566007223,0.41863974011457483,0.6693722219680878,0.9127452807210403,1.4367900297072398
n2_entropy_relative_curve,N2N,0.14509803921568626,363,0.6804019485454691,0.34932030742698655,0.10679359244807077,0.4123983462654023,0.6512803268714128,0.9188424649715159,1.4346119670461748
n2_entropy_relative_curve,N2N,0.14901960784313725,363,0.6704168934106824,0.34191120448168766,0.09414352915561143,0.40899136445574646,0.6387357486488479,0.8829114019276543,1.4470056466615662
n2_entropy_relative_curve,N2N,0.15294117647058825,363,0.6755491600654258,0.3557277853184506,0.11864114811029387,0.40732631366131744,0.6376046800435514,0.8765889312829116,1.48805875959842
n2_entropy_relative_curve,N2N,0.1568627450980392,363,0.6782906030027029,0.3578985589611286,0.0953815621545859,0.43251365253717833,0.6316500950270784,0.906436006669419,1.512212586909832
n2_entropy_relative_curve,N2N,0.16078431372549018,363,0.6781214503754672,0.3487091187210827,0.1385821832529687,0.4156189548110277,0.6710126224729362,0.8854384008439599,1.4451377390959546
n2_entropy_relative_curve,N2N,0.16470588235294117,363,0.6673578848367623,0.34622807624846064,0.14148982841370875,0.3982524475935431,0.6579094882079773,0.8601696714363118,1.5008971658047259
n2_entropy_relative_curve,N2N,0.16862745098039217,363,0.6565399857057571,0.34919149461394644,0.0733482192569663,0.402698423895161,0.6032251631716037,0.8983646137230994,1.4565125545829123
n2_entropy_relative_curve,N2N,0.17254901960784313,363,0.669020175353615,0.3517872426511005,0.0766288820868523,0.43631759991532415,0.6289300368775277,0.8677839442304682,1.46232825399704
n2_entropy_relative_curve,N2N,0.1764705882352941,363,0.6659902950708859,0.3605488919067644,0.07647835521895803,0.39639646321028454,0.64082660313061,0.8772595740484023,1.4828184269421913
n2_entropy_relative_curve,N2N,0.1803921568627451,363,0.664480217427822,0.3500266059474169,0.049624064774528555,0.4061782688192421,0.6349214687358318,0.8877848696172066,1.4304085541066012
n2_entropy_relative_curve,N2N,0.1843137254901961,363,0.6735769783893548,0.35848352084629853,0.04706926273504529,0.4172549097530796,0.658525347492507,0.8780973787977245,1.4598025887707433
n2_entropy_relative_curve,N2N,0.18823529411764706,363,0.6602694730092453,0.3548467312498147,0.0786399213286901,0.41636268543131,0.6211773998731125,0.8722990521384864,1.4617411922318477
n2_entropy_relative_curve,N2N,0.19215686274509802,363,0.6745932257199163,0.3616500684568608,0.07729499484216984,0.38082404690107063,0.6487555175867118,0.9188565402885136,1.4502055455436123
n2_entropy_relative_curve,N2N,0.19607843137254902,363,0.6667496943879039,0.3545854076476601,0.09488104076728134,0.40863644143768735,0.6197442122056921,0.8921366653893295,1.3888148860968388
n2_entropy_relative_curve,N2N,0.2,363,0.6635009075159956,0.3434131431220687,0.11935651885485167,0.41829143863877205,0.6263363191876068,0.8934973812288751,1.4036330173483442
n2_entropy_relative_curve,N2N,0.20392156862745098,363,0.659945798610111,0.3494997834215883,0.05937388216661508,0.40404275231949155,0.6471912372348465,0.894058595382651,1.4323300781450707
n2_entropy_relative_curve,N2N,0.20784313725490194,363,0.6832583129625168,0.3606156233574023,0.10890252756139933,0.42049556119213927,0.6227689011725854,0.9264662448982417,1.4381018616628025
n2_entropy_relative_curve,N2N,0.21176470588235294,363,0.6777481345580051,0.35204811835726163,0.08319787540927627,0.4223751830618462,0.62859977889607,0.8990929424712519,1.4993679286323127
n2_entropy_relative_curve,N2N,0.21568627450980393,363,0.6631041863174535,0.3502024590472934,0.09181167224110015,0.4011355106661766,0.6003136496554459,0.8819785514209946,1.4363015462397226
n2_entropy_relative_curve,N2N,0.2196078431372549,363,0.6728242631780577,0.3477870689223149,0.0836307788130266,0.413932594764194,0.6390859655871967,0.905567897367515,1.405431441488733
n2_entropy_relative_curve,N2N,0.22352941176470587,363,0.6669329042613404,0.34820888319757676,0.0704344236846902,0.42576702884142537,0.6341066978272301,0.8988822271109735,1.413268828470835
n2_entropy_relative_curve,N2N,0.22745098039215686,363,0.6786558848190051,0.3471020089661411,0.08022542525992815,0.43075843947076975,0.6381508289339292,0.8980374174395653,1.4899262933873656
n2_entropy_relative_curve,N2N,0.23137254901960785,363,0.6612973813477048,0.35306933642303384,0.07089291079391086,0.4012972597867261,0.6196389655381414,0.8847828393398024,1.430949639127729
n2_entropy_relative_curve,N2N,0.23529411764705882,363,0.6679470325356478,0.3613485252570699,0.05574459182324747,0.3947305492892317,0.6287068843643189,0.8967569087195916,1.485402258759963
n2_entropy_relative_curve,N2N,0.2392156862745098,363,0.661679452986315,0.3530020997612705,0.06458167738231001,0.39694855501683335,0.6338397048907937,0.9156532390933387,1.4225807557451573
n2_entropy_relative_curve,N2N,0.24313725490196078,363,0.6571849773143316,0.34209299592755543,0.06199928687853164,0.40761372322389233,0.6409952072543001,0.8609431958304677,1.4108392153950486
n2_entropy_relative_curve,N2N,0.24705882352941178,363,0.6562927637735632,0.34240388285559675,0.06544606966087307,0.41325268840562995,0.6143252877419627,0.8750673589759711,1.41860036308977
n2_entropy_relative_curve,N2N,0.25098039215686274,363,0.6526756945411619,0.3498263591328105,0.05479466867868094,0.4114166487934363,0.629804571822651,0.8772355430874053,1.3969062600592033
n2_entropy_relative_curve,N2N,0.2549019607843137,363,0.6626378559102862,0.35071900555325547,0.05347960373153721,0.4026000993347223,0.6249028472959768,0.8834257331935398,1.4490419619001238
n2_entropy_relative_curve,N2N,0.2588235294117647,363,0.6647773026603265,0.34825077859642645,0.08275093627472885,0.4191272596502964,0.6265736354473352,0.883722335677787,1.4626923612903997
n2_entropy_relative_curve,N2N,0.2627450980392157,363,0.662565425140591,0.3553339294632974,0.04614375941062137,0.4049601437573904,0.6241264784420135,0.916017566466868,1.4194879004869603
n2_entropy_relative_curve,N2N,0.26666666666666666,363,0.6623513414765817,0.3663453055209289,0.04384282029577725,0.37654323826828084,0.6204237570333965,0.8982332875443944,1.4792663104296433
n2_entropy_relative_curve,N2N,0.27058823529411763,363,0.6580585188857443,0.35163549524075177,0.0751684722755536,0.3882055060524814,0.6260257877683483,0.899180435185958,1.4280228794615994
n2_entropy_relative_curve,N2N,0.27450980392156865,363,0.658279408409482,0.3605722453459823,0.06624652256144484,0.4083067788651329,0.6180219375272018,0.8856179899905925,1.4615689687636444
n2_entropy_relative_curve,N2N,0.2784313725490196,363,0.6682972937951647,0.36709745831896506,0.03125512254084472,0.4137582122129575,0.621882665711804,0.9241696788312939,1.4443272133547895
n2_entropy_relative_curve,N2N,0.2823529411764706,363,0.6611466088403067,0.3523611615088813,0.05171223851566015,0.39815034552846007,0.6261822953546539,0.8952587661691809,1.4427035651210145
n2_entropy_relative_curve,N2N,0.28627450980392155,363,0.6586511249326688,0.36300638917432076,0.05817424716035999,0.3885043666837174,0.6022245871494577,0.8979057417291437,1.4800609474387545
n2_entropy_relative_curve,N2N,0.2901960784313725,363,0.6556234664054248,0.362943979885705,0.07131853073532098,0.3872076450094778,0.6188605792760928,0.8900407130836667,1.4917975074224115
n2_entropy_relative_curve,N2N,0.29411764705882354,363,0.6599556041573671,0.3609785911358514,0.047096814612605425,0.4007663958634863,0.6005357935273035,0.8884256973706598,1.4592775183995628
n2_entropy_relative_curve,N2N,0.2980392156862745,363,0.6564647515242144,0.3609273729696553,0.06333422012468412,0.40180414052097035,0.6016867970483247,0.8999781544132102,1.4844687933208318
n2_entropy_relative_curve,N2N,0.30196078431372547,363,0.6685101040040017,0.3636836905306111,0.03764105232930788,0.40500017142525196,0.6118836908808373,0.9247389628419238,1.4867147641903036
n2_entropy_relative_curve,N2N,0.3058823529411765,363,0.6628681426349943,0.3541978488962098,0.054944842767678,0.4137283967593469,0.6118950864645162,0.8971628699009074,1.422688175488592
n2_entropy_relative_curve,N2N,0.30980392156862746,363,0.6502781542879758,0.3568834376952263,0.023645486574650567,0.40022054671906376,0.6041941961239515,0.8733542288679865,1.4760666078196918
n2_entropy_relative_curve,N2N,0.3137254901960784,363,0.6596832724303343,0.35360267250217386,0.08799138642309431,0.4109918191502705,0.5952974654788573,0.907144602606432,1.4538451382597548
n2_entropy_relative_curve,N2N,0.3176470588235294,363,0.6606218190602657,0.3655689853201473,0.07864134431249307,0.3806280171558738,0.6077384860768185,0.9047626698715584,1.4476694865618633
n2_entropy_relative_curve,N2N,0.32156862745098036,363,0.6692332356319162,0.36258260621315036,0.07876919458093688,0.4094932732363593,0.6147935558723434,0.9050104833522821,1.4546198538649362
n2_entropy_relative_curve,N2N,0.3254901960784314,363,0.6645676140155542,0.3670140836586188,0.04666371568093124,0.40305136226650334,0.615440202362009,0.9016957364606744,1.488000367328349
n2_entropy_relative_curve,N2N,0.32941176470588235,363,0.6618345814348989,0.36689681658629875,0.06804193260913889,0.40091864908898556,0.6063605663348981,0.9198247772228918,1.4840909550477792
n2_entropy_relative_curve,N2N,0.3333333333333333,363,0.6543518667253507,0.36196794173941516,0.04167563338503539,0.3894117684133911,0.5910373803345632,0.8747168279701237,1.494469754206357
n2_entropy_relative_curve,N2N,0.33725490196078434,363,0.6456318171293939,0.36489417603382956,0.04391551677789796,0.3847268737688626,0.5923378626217316,0.8844312607232487,1.4381082797937452
n2_entropy_relative_curve,N2N,0.3411764705882353,363,0.6514454295374671,0.3627735624402952,0.071613615094401,0.38361645243337605,0.5781968002761466,0.8634448841811582,1.4169509848169588
n2_entropy_relative_curve,N2N,0.34509803921568627,363,0.6519128283383099,0.35952955361413996,0.05767596996622628,0.4053679595768287,0.5746653848686223,0.8752326118092042,1.4864000722827748
n2_entropy_relative_curve,N2N,0.34901960784313724,363,0.6613218106022328,0.35411021103709794,0.0690999290865837,0.41105550528417867,0.6042586293592458,0.8705039059222726,1.4553955654760475
n2_entropy_relative_curve,N2N,0.3529411764705882,363,0.6491724412371142,0.3530694132352874,0.04504558239755346,0.39496129936370317,0.5872496640432641,0.854722090736884,1.460262288787262
n2_entropy_relative_curve,N2N,0.3568627450980392,363,0.6533842853262851,0.3643353964571145,0.0401542555391431,0.4045415163963779,0.6037979566528776,0.8494055324970178,1.5278220086496541
n2_entropy_relative_curve,N2N,0.3607843137254902,363,0.6526060265282901,0.36180615844819236,0.036027460247575305,0.3953075347390186,0.5952974654788573,0.8901360545004481,1.4815020978594544
n2_entropy_relative_curve,N2N,0.36470588235294116,363,0.6550230829522721,0.3677198683102591,0.018374725062020432,0.40354322756323513,0.61005331164564,0.8568514874670097,1.4529871290189844
n2_entropy_relative_curve,N2N,0.3686274509803922,363,0.6510315735935407,0.3664746205043235,0.054336504339167584,0.3901965833063116,0.59147156257976,0.8815552853495718,1.481221600464465
n2_entropy_relative_curve,N2N,0.37254901960784315,363,0.6474314725089754,0.36809382550370384,0.0251790314116437,0.3871833286899074,0.5952974654788573,0.8937506735130607,1.4832974960623095
n2_entropy_relative_curve,N2N,0.3764705882352941,363,0.655672965854228,0.37314971329569996,0.04018354741688735,0.38319365759752316,0.596387151313876,0.8819409226776795,1.4896649299688185
n2_entropy_relative_curve,N2N,0.3803921568627451,363,0.643957375867797,0.37599759173664654,0.020908531485299506,0.3802952451622879,0.587737668996594,0.8742788375589137,1.4146446105131627
n2_entropy_relative_curve,N2N,0.38431372549019605,363,0.6503748458474473,0.37318674932907747,0.035421002176618865,0.38578757464060387,0.5955216530645343,0.8776968971333913,1.5391278324438078
n2_entropy_relative_curve,N2N,0.38823529411764707,363,0.6458559394085395,0.367261838359884,0.03487168664387001,0.3792559993528917,0.5932761379981364,0.8754896597312285,1.5208755933127385
n2_entropy_relative_curve,N2N,0.39215686274509803,363,0.6474593790634556,0.36531487948843916,0.06095305675278907,0.38592675084875055,0.5974868227989207,0.8496479573651184,1.5080926379851898
n2_entropy_relative_curve,N2N,0.396078431372549,363,0.6478383905400619,0.3600555305678535,0.046839406627473636,0.3890735757966758,0.614277778588845,0.8605240653819286,1.47994154056466
n2_entropy_relative_curve,N2N,0.4,363,0.6521924994703073,0.36361720233468003,0.048030366212470386,0.40140804842261535,0.5970524751644392,0.8796143932046749,1.5183562219761826
n2_entropy_relative_curve,N2N,0.403921568627451,363,0.6507101349867026,0.3558324453946164,0.06086714061105721,0.3927508083775637,0.6026067730967897,0.8778279096472561,1.500038061523628
n2_entropy_relative_curve,N2N,0.40784313725490196,363,0.6391788935633881,0.3615680144479758,0.034455511085232815,0.39250440390273567,0.5859106332176255,0.8660554743486565,1.41522530108389
n2_entropy_relative_curve,N2N,0.4117647058823529,363,0.6404796111643578,0.36082813839491445,0.022539929674582633,0.39137556738437396,0.6013991878128189,0.8513790361328608,1.4497734478482789
n2_entropy_relative_curve,N2N,0.4156862745098039,363,0.637398190315631,0.3617703260336568,0.034674439327267575,0.3754795995489829,0.5867038361045654,0.8592522269429645,1.4835287735929188
n2_entropy_relative_curve,N2N,0.4196078431372549,363,0.6387722731464837,0.3611127789754184,0.03516965462051122,0.38592244394883857,0.5940988936930887,0.8468263186531599,1.5213513836730437
n2_entropy_relative_curve,N2N,0.4235294117647059,363,0.6412225416335249,0.3589529752964128,0.047845602930808,0.3858340421245635,0.5965102580917193,0.8534327362708638,1.4477977185359117
n2_entropy_relative_curve,N2N,0.42745098039215684,363,0.6373748059662324,0.3710042129516984,0.034924347583769506,0.37367454115394794,0.590129567844865,0.8579498118796354,1.477997747699607
n2_entropy_relative_curve,N2N,0.43137254901960786,363,0.645227501155485,0.3689151496391454,0.034051932024829694,0.3845478028208743,0.5952974654788573,0.8834545797953594,1.5178197133584364
n2_entropy_relative_curve,N2N,0.43529411764705883,363,0.6427840765449314,0.3617315699670862,0.0348598050942976,0.38073724308733037,0.5952974654788573,0.8720351808684974,1.468448775918723
n2_entropy_relative_curve,N2N,0.4392156862745098,363,0.6429972980359252,0.3656654017459056,0.032638779066591794,0.3800358549344625,0.5872958162482571,0.8813079500549625,1.4024021190050642
n2_entropy_relative_curve,N2N,0.44313725490196076,363,0.6367888041058452,0.3697686854139207,0.022506069029932654,0.37311619553975617,0.5952974654788573,0.8780325245029945,1.492061579695467
n2_entropy_relative_curve,N2N,0.44705882352941173,363,0.6337091273572522,0.362749558605077,0.035924951935152695,0.3660185308504438,0.5839404988438833,0.8746390204990346,1.4561449500236197
n2_entropy_relative_curve,N2N,0.45098039215686275,363,0.6400687761413466,0.3627009403383605,0.03485943402353766,0.36979444709088494,0.5905978834553932,0.8895431788981041,1.5122799895517762
n2_entropy_relative_curve,N2N,0.4549019607843137,363,0.6360197738669279,0.36723091994891444,0.020170504485251012,0.38021812976369596,0.5905783143288375,0.8762081112872493,1.4743377047382764
n2_entropy_relative_curve,N2N,0.4588235294117647,363,0.6393526031552835,0.3677633264436287,0.020092402640623293,0.38338933162605626,0.5936038227140586,0.8845097699703793,1.405315762411939
n2_entropy_relative_curve,N2N,0.4627450980392157,363,0.6400181820437264,0.36565766685297907,0.025860738807324847,0.3844464271919005,0.5990236845899733,0.8613068702645489,1.4757930386188924
n2_entropy_relative_curve,N2N,0.4666666666666667,363,0.6377362743586317,0.36674343462499925,0.022666434556654284,0.38604312694660337,0.5776950843498897,0.8646095585099576,1.4840527833700614
n2_entropy_relative_curve,N2N,0.47058823529411764,363,0.6408408212429154,0.36299583093457605,0.026338130476828595,0.37765938147248634,0.5952974654788573,0.8785112746783601,1.4586294750831768
n2_entropy_relative_curve,N2N,0.4745098039215686,363,0.644185759940997,0.36406687136399124,0.03437045889283944,0.3904150922260373,0.5944772040712184,0.8661550336449082,1.5084835210131728
n2_entropy_relative_curve,N2N,0.4784313725490196,363,0.6330793999531785,0.3667243801104265,0.03582072954641107,0.3696869165112606,0.5829768510966984,0.8754972632997672,1.499074740534519
n2_entropy_relative_curve,N2N,0.4823529411764706,363,0.6379119723440497,0.3610613225996696,0.03495839865391619,0.38366673412175445,0.5871265890726186,0.8589600652333409,1.4837720687247735
n2_entropy_relative_curve,N2N,0.48627450980392156,363,0.6389399844822546,0.3616399182160412,0.034890693880261545,0.3890555540749858,0.5893104982782231,0.8720274660516416,1.4024771513087502
n2_entropy_relative_curve,N2N,0.49019607843137253,363,0.6422538769281021,0.36444289907468597,0.04261376861921017,0.38740016060715304,0.5912611542306274,0.8746206391447708,1.520860779057628
n2_entropy_relative_curve,N2N,0.49411764705882355,363,0.6358658437608744,0.3670621775390993,0.035178912477060446,0.37634695537176,0.5901323517641206,0.8616047613834281,1.5191986785459177
n2_entropy_relative_curve,N2N,0.4980392156862745,363,0.6366671490086976,0.364067233817332,0.029293079729101647,0.3744970374157961,0.5934758509537628,0.8624086936199227,1.5194324361645137
n2_entropy_relative_curve,N2N,0.5019607843137255,363,0.6372661379048697,0.36432161667045443,0.031221413893105298,0.37526449571882936,0.5952974654788573,0.8683241467822871,1.4786595206382005
n2_entropy_relative_curve,N2N,0.5058823529411764,363,0.6362976652132575,0.3619741009042278,0.03462744337820097,0.38193295299538665,0.5907401809813285,0.868780103361051,1.4085316106987333
n2_entropy_relative_curve,N2N,0.5098039215686274,363,0.637255190753298,0.36488177591789217,0.020122414081117534,0.388245281347495,0.5759825082898267,0.8459063943856309,1.4763852601164678
n2_entropy_relative_curve,N2N,0.5137254901960784,363,0.6352746980554168,0.36582536115840225,0.032631725409668744,0.3832188204324004,0.5939420863955261,0.8711477217423638,1.4755554793607817
n2_entropy_relative_curve,N2N,0.5176470588235293,363,0.6348140243208925,0.36380388237078626,0.023070486715302388,0.39073631128140646,0.5903584360139247,0.8702490000362787,1.4743023314203754
n2_entropy_relative_curve,N2N,0.5215686274509804,363,0.6295354637268823,0.3642310023071081,0.031098767503138097,0.38294132986323104,0.5848694558275115,0.8733205095422292,1.4062437072401293
n2_entropy_relative_curve,N2N,0.5254901960784314,363,0.6335202008269034,0.36571264503448553,0.03773660917812535,0.369947893410299,0.5752943388163907,0.8733293297630871,1.4777307778525632
n2_entropy_relative_curve,N2N,0.5294117647058824,363,0.6349149721425466,0.366154586314249,0.027710108337386553,0.37579358184437317,0.5956113580784097,0.8768501576088152,1.474377944171223
n2_entropy_relative_curve,N2N,0.5333333333333333,363,0.6347237515119669,0.36761001014165645,0.03468797576602698,0.3824322294692905,0.5840106511657666,0.8730068279780967,1.4761717237095162
n2_entropy_relative_curve,N2N,0.5372549019607843,363,0.6361520806219958,0.3693950416767777,0.02931764515612114,0.3779668344615462,0.5901701933670779,0.8693526663325002,1.4743807601435075
n2_entropy_relative_curve,N2N,0.5411764705882353,363,0.6362412517597488,0.3652314157026205,0.039269057399160257,0.3809225789365286,0.5922297979410809,0.8659901962392416,1.4743010818656948
n2_entropy_relative_curve,N2N,0.5450980392156862,363,0.6336195246933148,0.3704887396989059,0.0165817611432778,0.37483969936354833,0.5768220077079808,0.858104638498171,1.4764900737721152
n2_entropy_relative_curve,N2N,0.5490196078431373,363,0.6354135442757652,0.3683615868762803,0.020093461451251852,0.37997014185643685,0.5863067683344229,0.864556784859323,1.4767597428316992
n2_entropy_relative_curve,N2N,0.5529411764705883,363,0.6342341283473133,0.37202623157295056,0.026864698265179596,0.3838895655894772,0.5752943388163907,0.8691474878006809,1.5357122082006913
n2_entropy_relative_curve,N2N,0.5568627450980392,363,0.6300028475840925,0.3678407738647858,0.020033844072612307,0.3830486589353602,0.5679038305669915,0.8791677992508805,1.4767324313597052
n2_entropy_relative_curve,N2N,0.5607843137254902,363,0.6295748708972504,0.3706163901653034,0.022443826507473518,0.377301338903672,0.5688847454241657,0.8549533321799141,1.4773406215299119
n2_entropy_relative_curve,N2N,0.5647058823529412,363,0.6312653357629199,0.36598034694233217,0.022258396646798108,0.3838173643264189,0.5722456187503074,0.8656139223152335,1.4744934939489343
n2_entropy_relative_curve,N2N,0.5686274509803921,363,0.6304009544016261,0.36821175715319265,0.02005026991285087,0.3759725366681045,0.5761417455855798,0.8801506447996639,1.4693732119813816
n2_entropy_relative_curve,N2N,0.5725490196078431,363,0.6290400333726255,0.3708758969170889,0.022994367791772056,0.36405520213242454,0.586027479596702,0.8713413328344422,1.474372003884386
n2_entropy_relative_curve,N2N,0.5764705882352941,363,0.6274577158792493,0.36553058383773257,0.02009238926894221,0.38490220447129986,0.5814112103177913,0.85270450743412,1.4727742114292928
n2_entropy_relative_curve,N2N,0.580392156862745,363,0.6316558007867331,0.36937048617481205,0.029249908508428138,0.3778437515060131,0.5816895987667396,0.8801506447996639,1.5133948708188414
n2_entropy_relative_curve,N2N,0.5843137254901961,363,0.6305166864274532,0.3683712375316269,0.022339370691598102,0.3749187935393723,0.5744791234997163,0.8664195165286932,1.474972500945757
n2_entropy_relative_curve,N2N,0.5882352941176471,363,0.6314505028247507,0.3679811711323433,0.0165817611432778,0.3829125038211799,0.5744703148528145,0.8675692978204331,1.475187340745159
n2_entropy_relative_curve,N2N,0.592156862745098,363,0.6387795763567563,0.3698967246276657,0.03482337256712737,0.38653400894645457,0.579104314697804,0.8721231818372038,1.4978021665692336
n2_entropy_relative_curve,N2N,0.596078431372549,363,0.6303738520357149,0.3671882413116579,0.013681939252869956,0.37567175880075543,0.5743435683345598,0.8661900961452373,1.5492024411183596
n2_entropy_relative_curve,N2N,0.6,363,0.6310467895596665,0.36613811805031243,0.03130850883620231,0.36374019885023473,0.5862730574179429,0.8589238250004405,1.4771676307794386
n2_entropy_relative_curve,N2N,0.6039215686274509,363,0.6294841432570814,0.36988525829645785,0.02009239782262361,0.37090527743004975,0.5752943388163907,0.858983631583484,1.4947358492110665
n2_entropy_relative_curve,N2N,0.6078431372549019,363,0.6320104881931204,0.36303945655722614,0.03228637262182907,0.3698924203569631,0.5841066918945922,0.8492382092962611,1.4218822982077173
n2_entropy_relative_curve,N2N,0.611764705882353,363,0.630938561903751,0.36357310187839004,0.022088355898034328,0.38424499555536196,0.5758965330340565,0.8670767452477741,1.4643170594223724
n2_entropy_relative_curve,N2N,0.615686274509804,363,0.632076309083284,0.36428234540417587,0.02037148112682937,0.3838156529865915,0.5795988804372071,0.8549712115271031,1.551807486132232
n2_entropy_relative_curve,N2N,0.6196078431372549,363,0.6344941811090979,0.37215434348889614,0.022524596011552385,0.36797872860658487,0.5808145637376835,0.8613694575612374,1.5293345846115727
n2_entropy_relative_curve,N2N,0.6235294117647059,363,0.6338039851991217,0.36738457354044685,0.020092400362278533,0.37430117094194754,0.5863536142886712,0.8554320370877003,1.5552970509050104
n2_entropy_relative_curve,N2N,0.6274509803921569,363,0.6322880308837006,0.36862998302405847,0.022301639711462828,0.37827222409101036,0.5863675076618204,0.860375790064121,1.519671047846697
n2_entropy_relative_curve,N2N,0.6313725490196078,363,0.6371994353086728,0.3696039885225509,0.021878894591225842,0.3836236824343956,0.5864085549039803,0.8725216538889486,1.4902027193350242
n2_entropy_relative_curve,N2N,0.6352941176470588,363,0.6301964993565475,0.37203599597200354,0.02022974311856839,0.3757366615421648,0.5724375433742616,0.8743523138101439,1.5214043635793635
n2_entropy_relative_curve,N2N,0.6392156862745098,363,0.6308736617333502,0.3661716431198419,0.022677627737886952,0.37661905220299297,0.5805948108182432,0.8609387808200619,1.4743068633884406
n2_entropy_relative_curve,N2N,0.6431372549019607,363,0.6305922482580761,0.37081174960352603,0.03253980915101375,0.3628886035046859,0.5821021109292593,0.8602134337952252,1.4743318515824444
n2_entropy_relative_curve,N2N,0.6470588235294118,363,0.6333860583014712,0.36219203766442376,0.022335556505917356,0.37858820718062014,0.5860143477619447,0.8616490927536931,1.478004393192999
n2_entropy_relative_curve,N2N,0.6509803921568628,363,0.6297334899421223,0.36717356649118016,0.026349051000012683,0.3696625364886571,0.5722456187503074,0.8641221383497051,1.4752809729909924
n2_entropy_relative_curve,N2N,0.6549019607843137,363,0.6279714198994617,0.36847547904861844,0.020116098061929218,0.36686135032804273,0.588324263408358,0.8651761675036708,1.4912582652765907
n2_entropy_relative_curve,N2N,0.6588235294117647,363,0.6358773369448005,0.3672230117819376,0.0218126718612585,0.37637588647246006,0.590129488522937,0.8763065969532595,1.5172017164083336
n2_entropy_relative_curve,N2N,0.6627450980392157,363,0.634816530827111,0.3678993794850993,0.031194696029187844,0.367989574483701,0.5901280622389232,0.8668748140508733,1.4846597378100193
n2_entropy_relative_curve,N2N,0.6666666666666666,363,0.6372798611921279,0.3634978955718014,0.03479666161654574,0.38750269471851145,0.5833582050460558,0.85499633952139,1.5198463755620717
n2_entropy_relative_curve,N2N,0.6705882352941176,363,0.6338940359803945,0.36814203009052304,0.02065428210868964,0.3739296975162952,0.5764250098892078,0.8623243304876282,1.5339603565117024
n2_entropy_relative_curve,N2N,0.6745098039215687,363,0.631432093740994,0.3694191647275802,0.02192968486822024,0.3664548177527048,0.5851150865408367,0.8581948617422497,1.519141413448009
n2_entropy_relative_curve,N2N,0.6784313725490196,363,0.6324321201694859,0.36985990652516915,0.020092449025869617,0.37160089581795774,0.5818374252188491,0.8574388346264958,1.4953566959281828
n2_entropy_relative_curve,N2N,0.6823529411764706,363,0.6326523672348899,0.3692920428322301,0.020092963398639727,0.37540357179090567,0.5859657763815017,0.8602522772314101,1.520459498460405
n2_entropy_relative_curve,N2N,0.6862745098039216,363,0.6310720369759358,0.3730746782691122,0.03479827572784943,0.3641810271554678,0.5744700029028105,0.8664209084324921,1.4845035636241268
n2_entropy_relative_curve,N2N,0.6901960784313725,363,0.6287365697466268,0.3683901847445068,0.03117905996642174,0.37167987642414424,0.5745602850333348,0.8592796025568967,1.4846333171853145
n2_entropy_relative_curve,N2N,0.6941176470588235,363,0.6320578166278973,0.3676296580560116,0.01752791374246364,0.37650775622466937,0.5688379236162985,0.8666378339463943,1.5191475007334347
n2_entropy_relative_curve,N2N,0.6980392156862745,363,0.625969822275061,0.3668296001243567,0.03465291888278037,0.36703666216471115,0.5809016302949438,0.8655268695780876,1.511115472326663
n2_entropy_relative_curve,N2N,0.7019607843137254,363,0.6361774252313454,0.36684229236425525,0.021937492481912485,0.37443961353486355,0.5744714431718162,0.8664743860890947,1.5120168164188357
n2_entropy_relative_curve,N2N,0.7058823529411764,363,0.6347119909529697,0.36779274467010864,0.034711174355518966,0.37589188926646283,0.5859329242021168,0.863571247745122,1.5191429414584448
n2_entropy_relative_curve,N2N,0.7098039215686275,363,0.6361080031930055,0.3687212281271816,0.024350893297972142,0.37265502204627304,0.5909788418301273,0.8586294721518991,1.5546664462593784
n2_entropy_relative_curve,N2N,0.7137254901960784,363,0.6359275714625858,0.3643184492423971,0.0301055018640973,0.38452478130107365,0.5859891815275503,0.8550635712825614,1.5161968014457627
n2_entropy_relative_curve,N2N,0.7176470588235294,363,0.6300826192351948,0.369846385051974,0.018246777758453105,0.3767048338729515,0.5677939745709608,0.8514889334508806,1.5090339638696353
n2_entropy_relative_curve,N2N,0.7215686274509804,363,0.6319868717275412,0.36641522921473446,0.037526531238801335,0.3723332349888686,0.5809020360660455,0.8599168749302701,1.5017897420204818
n2_entropy_relative_curve,N2N,0.7254901960784313,363,0.6296650640802194,0.37346406754918465,0.020196303082449848,0.36787053952122006,0.5836547358545825,0.8588833759019279,1.4850169315004482
n2_entropy_relative_curve,N2N,0.7294117647058823,363,0.6300778203233475,0.371850063389096,0.0165817611432778,0.3803495363611368,0.5809026663434438,0.853746567822405,1.4838772691268312
n2_entropy_relative_curve,N2N,0.7333333333333333,363,0.6374390493491601,0.36801554759939825,0.02321888001444069,0.38657362650781546,0.5939401248911441,0.8605058335917475,1.4839386832694488
n2_entropy_relative_curve,N2N,0.7372549019607844,363,0.6330237019067263,0.36737834037232275,0.026005891986598077,0.37469639548849054,0.5698258049575027,0.852910056405053,1.506857367270204
n2_entropy_relative_curve,N2N,0.7411764705882353,363,0.6341266982604181,0.3688014362691502,0.03108982025627652,0.37005385443887195,0.5858720755643853,0.8611391749331256,1.4928655874395407
n2_entropy_relative_curve,N2N,0.7450980392156863,363,0.6278328657132286,0.36864213857429695,0.0165817611432778,0.3680132030530606,0.5744699187345633,0.8550526618225136,1.50784797278905
n2_entropy_relative_curve,N2N,0.7490196078431373,363,0.6297167630515883,0.3743825046780433,0.02009252052853441,0.3664087375924101,0.5819849500118944,0.856074211270828,1.4839674831005298
n2_entropy_relative_curve,N2N,0.7529411764705882,363,0.6306970518289906,0.3711786972247603,0.021982178907095775,0.36956459898553007,0.574470594801273,0.8606488869870106,1.4839259914432017
n2_entropy_relative_curve,N2N,0.7568627450980392,363,0.6296977356828648,0.3684528819257659,0.024959007807921995,0.3639907521219592,0.5744730768998867,0.8554037470364424,1.4838792887752779
n2_entropy_relative_curve,N2N,0.7607843137254902,363,0.6324307019260008,0.3665340473660756,0.020795631050023404,0.371354919664669,0.5792478633920191,0.8579440387638606,1.483878726715639
n2_entropy_relative_curve,N2N,0.7647058823529411,363,0.633640239433525,0.3709683029922972,0.02333480149370616,0.36880806333327604,0.5808377990350454,0.8594565339803009,1.483879597280347
n2_entropy_relative_curve,N2N,0.7686274509803921,363,0.633976302799273,0.36986234600271317,0.02009378882107249,0.37005385443887195,0.5904750089003901,0.8625468840323638,1.4839626806124389
n2_entropy_relative_curve,N2N,0.7725490196078432,363,0.6281973769496765,0.36664083781310264,0.02015484880500953,0.3724055989592456,0.5801582395887097,0.8421804668017867,1.4838791901003594
n2_entropy_relative_curve,N2N,0.7764705882352941,363,0.6309627921881866,0.36991009636833755,0.02235872615847162,0.3713653566907562,0.5905772002250073,0.8570311520053668,1.4842197122923013
n2_entropy_relative_curve,N2N,0.7803921568627451,363,0.6337131233722147,0.3680153900515649,0.021946097137783054,0.3747162872647389,0.5855639809866348,0.8593404003417566,1.519165119817906
n2_entropy_relative_curve,N2N,0.7843137254901961,363,0.6338002338411585,0.3698505513498655,0.023564721701775402,0.36987868093086496,0.5870488231307308,0.8629614861203907,1.5396517567718973
n2_entropy_relative_curve,N2N,0.788235294117647,363,0.6335122534169862,0.3711814496823816,0.023641530789400757,0.3661848179816494,0.5827298446888591,0.8553673236827715,1.4840045215776212
n2_entropy_relative_curve,N2N,0.792156862745098,363,0.6296296730023223,0.3712447032014032,0.020155793278978464,0.3638270037074586,0.5752943388163907,0.8590454060730885,1.4838937402435837
n2_entropy_relative_curve,N2N,0.796078431372549,363,0.6360826320354583,0.3672283320578786,0.031129313118359005,0.3665902144868713,0.5897561435810056,0.8555639350196456,1.4852818025463126
n2_entropy_relative_curve,N2N,0.8,363,0.635399344396661,0.37162379354737524,0.02353705316714999,0.36711392941091503,0.5947252889633138,0.8651627076174815,1.490310371368921
n2_entropy_relative_curve,N2N,0.803921568627451,363,0.6328136826675802,0.3680475178657112,0.0268449817861546,0.37005385443887195,0.5924157535123489,0.8561524087820811,1.4853978411733029
n2_entropy_relative_curve,N2N,0.807843137254902,363,0.6332694033672556,0.37003865716537215,0.017878751356647876,0.37138563851246875,0.5939426092713599,0.8585266535690766,1.4848937465284986
n2_entropy_relative_curve,N2N,0.8117647058823529,363,0.6358982912102057,0.36875699267064677,0.022174749151700823,0.37192882156860463,0.5809821295473765,0.8729248108240663,1.4844330613825893
n2_entropy_relative_curve,N2N,0.8156862745098039,363,0.6366401572780708,0.36796596502713186,0.025660367435490147,0.37005385443887195,0.5859696028326968,0.8745964078001669,1.5194427978077374
n2_entropy_relative_curve,N2N,0.8196078431372549,363,0.6327552924531176,0.3692044194487558,0.020155919582762583,0.37163673962519467,0.5871710732158286,0.8538536958320777,1.4848362626441431
n2_entropy_relative_curve,N2N,0.8235294117647058,363,0.6402074918617954,0.37134864144370844,0.023654160300392312,0.3682735932950696,0.5979901896319282,0.8734504373681481,1.484938575714928
n2_entropy_relative_curve,N2N,0.8274509803921568,363,0.640925821160017,0.36998622963766314,0.027754167392587088,0.37127646113535784,0.6111643986654711,0.8716392939793208,1.492856284764971
n2_entropy_relative_curve,N2N,0.8313725490196078,363,0.6345264098239605,0.37030853621140686,0.031056258395153944,0.37005385443887195,0.5952974654788573,0.8589410623379927,1.4839515526542029
n2_entropy_relative_curve,N2N,0.8352941176470589,363,0.6344770048272189,0.3694371071354608,0.034836111519844185,0.3691443405895626,0.5902391839578256,0.8589698197248248,1.4906234940782208
n2_entropy_relative_curve,N2N,0.8392156862745098,363,0.6316486228423979,0.37056990615145724,0.018165050791782503,0.3630093225197092,0.5885723715241528,0.852668190408201,1.5126994250993115
n2_entropy_relative_curve,N2N,0.8431372549019608,363,0.6366066589244692,0.3705100927305339,0.023322600237810985,0.36777019702376434,0.6064673014539106,0.8507677890211832,1.4838796289787635
n2_entropy_relative_curve,N2N,0.8470588235294118,363,0.6360414823401872,0.37041625819214186,0.021944832536045965,0.37169607191366016,0.593141985585034,0.8522402170081402,1.5221787137273517
n2_entropy_relative_curve,N2N,0.8509803921568627,363,0.6361612477119103,0.3667284041975492,0.02015774146211698,0.3771271664243886,0.5939489103097626,0.8423996506053428,1.5191436199496136
n2_entropy_relative_curve,N2N,0.8549019607843137,363,0.6358682222333596,0.3704369817832001,0.03325974831716141,0.36703666216471115,0.5888296585807526,0.8557487148235619,1.5473657212752918
n2_entropy_relative_curve,N2N,0.8588235294117647,363,0.6347170116369713,0.36995963713684793,0.028581750074631648,0.3683754876620554,0.5901263303944548,0.8589790704748774,1.4838838383745296
n2_entropy_relative_curve,N2N,0.8627450980392157,363,0.6338230806676958,0.3687456877371257,0.03479286909418612,0.3746690652660759,0.5809018481509002,0.8628495763557715,1.496073409154861
n2_entropy_relative_curve,N2N,0.8666666666666667,363,0.6324405576334322,0.3687841847900316,0.016514012597433073,0.3695819491740089,0.585914229291374,0.8663084548531171,1.491227964406331
n2_entropy_relative_curve,N2N,0.8705882352941177,363,0.636708164735577,0.37014569064546726,0.02383888505113161,0.3640131143769283,0.5925316297349411,0.8739966950358661,1.4969728833438463
n2_entropy_relative_curve,N2N,0.8745098039215686,363,0.6342895992203647,0.3678256795192898,0.023652071625303438,0.37094167858723165,0.5863311962714316,0.8573330916085127,1.5191398233074005
n2_entropy_relative_curve,N2N,0.8784313725490196,363,0.6281516351864244,0.3681863867778464,0.020155956245217908,0.37005385443887195,0.5678481249376244,0.8674193422190302,1.5021856921058756
n2_entropy_relative_curve,N2N,0.8823529411764706,363,0.6317418052431534,0.3652057264042543,0.03480524086609497,0.36703666216471115,0.5901381280065287,0.8505636994174992,1.498014750570893
n2_entropy_relative_curve,N2N,0.8862745098039215,363,0.6309111685914799,0.3656852191645963,0.0321328119193376,0.36352699751865414,0.5752943388163907,0.8473725036022741,1.48542377892454
n2_entropy_relative_curve,N2N,0.8901960784313725,363,0.6328045208580951,0.3693286534181764,0.020155508183902743,0.3639850084279892,0.5806723160166581,0.8603903611506524,1.4851195952862102
n2_entropy_relative_curve,N2N,0.8941176470588235,363,0.6313060764786281,0.3707743883200806,0.02387856867461547,0.365418516825361,0.5752943388163907,0.85317697771362,1.487900402339857
n2_entropy_relative_curve,N2N,0.8980392156862745,363,0.6341082962747997,0.3672159578693436,0.021954845248627508,0.371638588060449,0.5952974654788573,0.8592098588743804,1.4838781341948946
n2_entropy_relative_curve,N2N,0.9019607843137255,363,0.6306388717421769,0.3700531141545743,0.023284873024732772,0.36529539719284765,0.5823231030036419,0.8612184679383966,1.4846332009245777
n2_entropy_relative_curve,N2N,0.9058823529411765,363,0.6310158498377891,0.36962913753116466,0.0250469355051518,0.36703666216471115,0.5744770155232584,0.8501254630019222,1.4868839335362802
n2_entropy_relative_curve,N2N,0.9098039215686274,363,0.6312448679808406,0.3700128217367325,0.020057907253534856,0.37005385443887195,0.585135863370112,0.8592275004481766,1.4838835237493526
n2_entropy_relative_curve,N2N,0.9137254901960784,363,0.6283262424780067,0.36607783847609604,0.023556943106423853,0.365113652352416,0.5812922338542925,0.8501138617392545,1.4840559056779037
n2_entropy_relative_curve,N2N,0.9176470588235294,363,0.6319785842521218,0.3649666427731249,0.023574777599241384,0.37163608812943094,0.5861011372821586,0.859215764111734,1.4839279526955405
n2_entropy_relative_curve,N2N,0.9215686274509803,363,0.6309508467681948,0.36950139579393565,0.03478446579252396,0.3641870219815614,0.5926629447988183,0.8608677105837261,1.5191408363815784
n2_entropy_relative_curve,N2N,0.9254901960784314,363,0.6303709387592048,0.3656153051654027,0.020174777401058348,0.3639852010257141,0.5901256357873597,0.8501104743145791,1.5129974897855285
n2_entropy_relative_curve,N2N,0.9294117647058824,363,0.6277473048163039,0.3654583522173898,0.03312601203533802,0.3688623028892673,0.5742692831711053,0.8589342726295144,1.4859634475202292
n2_entropy_relative_curve,N2N,0.9333333333333333,363,0.6296120387839811,0.36827110139270397,0.02195767164219065,0.36694130644957096,0.5864729480195955,0.8554019292606349,1.4838955096684245
n2_entropy_relative_curve,N2N,0.9372549019607843,363,0.6335866780884466,0.3651837674491259,0.021945756161493874,0.37005385443887195,0.5809030110264137,0.8615706759673916,1.4838822289673643
n2_entropy_relative_curve,N2N,0.9411764705882353,363,0.6295256018195008,0.3651040070572319,0.023582428114388945,0.3803902651483678,0.5744770155232584,0.8606587284013781,1.5191398185898894
n2_entropy_relative_curve,N2N,0.9450980392156862,363,0.6306110104090401,0.36502514786255935,0.02345809157507691,0.363985431326448,0.5894480721905407,0.8564808942930002,1.4872751903611083
n2_entropy_relative_curve,N2N,0.9490196078431372,363,0.6285509433230245,0.36629538487659685,0.02237159633773231,0.3759872121633143,0.5752943388163907,0.8421891903307118,1.4839770414415356
n2_entropy_relative_curve,N2N,0.9529411764705882,363,0.6303130277071516,0.36397313596617287,0.03473872723678836,0.37005385443887195,0.5858227966694814,0.8596839334564514,1.4838959083373655
n2_entropy_relative_curve,N2N,0.9568627450980391,363,0.629496572780995,0.36511943513370543,0.020102318156869095,0.37005385443887195,0.5809040873558935,0.8589467607846047,1.4916615155093436
n2_entropy_relative_curve,N2N,0.9607843137254902,363,0.6315447028877684,0.3680097623632508,0.023267911703627388,0.36703666216471115,0.5952974654788573,0.8589815271973559,1.5191424805276526
n2_entropy_relative_curve,N2N,0.9647058823529412,363,0.6322116683793588,0.3652006793426186,0.03525557139690941,0.3633822785519079,0.5917240945963066,0.8557235277661598,1.4844826754608629
n2_entropy_relative_curve,N2N,0.9686274509803922,363,0.6318632783180689,0.3650145495447851,0.0219611718685211,0.37250606087022675,0.5901258536832451,0.8445851836656978,1.531204479983865
n2_entropy_relative_curve,N2N,0.9725490196078431,363,0.633049333234074,0.3682763152385175,0.034772440827470275,0.36414323401789217,0.5952974654788573,0.859334366853046,1.4839658230965025
n2_entropy_relative_curve,N2N,0.9764705882352941,363,0.6303121705227986,0.36645979975826687,0.034719896639709175,0.3664739550682472,0.580132695794989,0.8451796651363989,1.4839028394922091
n2_entropy_relative_curve,N2N,0.9803921568627451,363,0.6302226103223101,0.36524818917332247,0.03472917366590742,0.36458620137731335,0.5773466444863775,0.859388037605531,1.506423285202822
n2_entropy_relative_curve,N2N,0.984313725490196,363,0.6294645852518291,0.3669055856088003,0.02441371347732388,0.3694309542271972,0.5765008194959577,0.8606495381218356,1.4838871585577382
n2_entropy_relative_curve,N2N,0.9882352941176471,363,0.6329311874423084,0.36336225706201364,0.023945622168823594,0.37166760895694717,0.5901353565246952,0.8546916393107316,1.4838796347629768
n2_entropy_relative_curve,N2N,0.9921568627450981,363,0.6333577664737733,0.3686957722030974,0.02741623982658591,0.3817995733006645,0.5862299297435257,0.8613419230032895,1.483881802183348
n2_entropy_relative_curve,N2N,0.996078431372549,363,0.6341420200991307,0.368644284254472,0.020092389793899285,0.3714130787296148,0.5889368333072242,0.8734504373681481,1.522374646847626
n2_entropy_relative_curve,N2N,1.0,363,0.630863034387752,0.3700029245289391,0.020036267690065057,0.36703666216471115,0.5809797701168753,0.8739974464469709,1.5194661619875593
